id , TEV NAME , OTHER NAMES , TYPE , RA (J2000) , Dec (J2000) , LII(degrees) , BII(degrees) , ErrRaStat[s] , ErrRaSys[s] , ErrDecStat[arcsec] , ErrDecSys[arcsec] , EXTENDED , SEMIMAJOR[deg] , ERRMAJOR[deg] , SEMIMINOR[deg] , ERRMINOR[deg] , ROTATION ANGLE[deg] , DIFF. FLUX NORMALIZATION[x TeV^-1 cm^-2 s^-1] , DIFF. FLUX NORMALIZATION ERRSTAT[x TeV^-1 cm^-2 s^-1] , DIFF. FLUX NORMALIZATION ERRSYS[x TeV^-1 cm^-2 s^-1] , SPECTRAL SLOPE , ERRSLOPESTAT , ERRSLOPESYS , INTEGRAL FLUX , ErrFluxStat[x 10^-12 cm^-2 s^-1] , ErrFluxSys[x 10^-12 cm^-2 s^-1] , OTHER SPECTRAL COMPONENTS , Flux in CU[%] , THR ENERGY [GeV] , MIN ZENITH[deg] , MAX ZENITH[deg] , MEAN ZENITH[deg] , DISTANCE[kPc] , Distance , Discoverer , Observatory , START TIME[MJD] , END OBSERVATION[MJD] , EXPOSURE TIME[ksec] , POS. ERROR CIRCLE[deg] , Diff. Flux. Norm. Energy[TeV] , REFERENCE , COMMENTS
1 , "TeV J0006+7259" , "CTA 1/ G 119.5+10.2" , "PWN/SNR" , "00 06 26" , "+72 59 01" , "119.6" , "10.4" , "22" , "3" , "144" , "50" , "YES" , "0.30" , "0.03" , "0.24" , "0.03" , "17" , "9.1e-14" , "1.3e-14" , "1.7e-14" , "2.2" , "0.2" , "0.3" , "-" , "-" , "-" , "NO" , "-" , "-" , "40" , "47" , "42.5" , "1.4" , "-" , "VERITAS" , "VERITAS" , "55440" , "55926" , "148.5" , "0.091" , "3" , "Aliu et al. (2013), ApJ 764, 38" , "Orientation angle of 17.4 +/- 15.8 deg, west of north. An integral energy flux above 1 TeV of 4.0x10^-12 erg/cm^2/s is reported in the paper."
2 , "TeV J0013-1853" , "SHBL J001355.9-185406" , "HBL" , "00 13 52.0" , "-18 53 29" , "74.61" , "-78.07" , "1.5" , "1.3" , "22" , "20" , "NO" , "-" , "-" , "-" , "-" , "-" , "1.2e-12" , "2.3e-13" , "2.3e-13" , "3.4" , "0.5" , "0.2" , "0.83" , "0.17" , "0.17" , "-" , "0.6" , "310" , "-" , "-" , "12.9" , "-" , "0.095" , "HESS" , "HESS" , "54653" , "55912" , "149.4" , "0.0083" , "0.51" , "Abramowski et al. (2013), A&A 554, A72" , "-"
3 , "TeV J0025+6410" , "Tycho SNR" , "SNR" , "00 25 27.0" , "+64 10 50" , "120.1" , "1.45" , "5.5" , "3.4" , "83" , "50" , "NO" , "-" , "-" , "-" , "-" , "-" , "1.6e-14" , "4.3e-15" , "4.7e-15" , "1.95" , "0.51" , "0.3" , "0.187" , "0.051" , "-" , "NO" , "0.9" , "1000" , "-" , "-" , "37" , "3.5" , "-" , "VERITAS" , "VERITAS" , "54740" , "55227" , "239.8" , "0.027" , "3.42" , "Acciari et al. (2011), ApJL 730, L20" , "-"
4 , "TeV J0033-1921" , "KUV 00311-1938/RBS 0076/1RXS J003334.6-192130" , "HBL" , "00 33 34.2" , "-19 21 33.3" , "94.17" , "-81.22" , "-" , "-" , "-" , "-" , "NO" , "-" , "-" , "-" , "-" , "-" , "-" , "-" , "-" , "-" , "-" , "-" , "-" , "-" , "-" , "NO" , "1" , "-" , "-" , "-" , "-" , "-" , "0.61" , "HESS" , "HESS" , "-" , "-" , "-" , "-" , "-" , "Becherini et al. (2012), AIP Conf. Proc. 1505, 490" , "Position taken from NED (2007A&A 470 787P). Source discovery announced at Gamma 2012 (Becherini et al. (2012), AIP Conf. Proc. 1505, 490). Redshift from Pita et al.(2012), not confirmed."
5 , "TeV J0035+5947" , "1ES 0033+595" , "HBL" , "00 35 16.8" , "+59 47 24.0" , "120.89" , "-3.02" , "7.2" , "-" , "72" , "-" , "NO" , "-" , "-" , "-" , "-" , "-" , "2e-11" , "5e-12" , "5e-12" , "3.8" , "0.7" , "0.3" , "7.1" , "1.3" , "1.6" , "NO" , "2.2" , "150" , "31" , "35" , "-" , "-" , "-" , "MAGIC" , "MAGIC" , "55060" , "55118" , "70.92" , "0.030" , "0.25" , "Aleksic et al. (2015), MNRAS 446, 217" , "-"
6 , "TeV J0047-2517" , "NGC 253" , "Starburst" , "00 47 34.3" , "-25 17 22.6" , "97.48" , "-87.97" , "1.4" , "1.3" , "18" , "20" , "NO" , "-" , "-" , "-" , "-" , "-" , "9.6e-14" , "1.5e-14" , "5.7e-14" , "2.14" , "0.18" , "0.3" , "0.56" , "0.12" , "-" , "NO" , "0.21" , "190" , "1" , "42" , "12" , "3500" , "0.000811" , "HESS" , "HESS" , "53371" , "55196" , "637.2" , "0.0080" , "1" , "Abramowski et al. (2012), ApJ 757, 158" , "-"
7 , "TeV J0136+3905" , "RGB J0136+391/B3 0133+388/1RXS J013632.9+390556" , "HBL" , "01 36 32.5" , "+39 05 59.6" , "132.41" , "-22.94" , "-" , "-" , "-" , "-" , "NO" , "-" , "-" , "-" , "-" , "-" , "-" , "-" , "-" , "-" , "-" , "-" , "-" , "-" , "-" , "NO" , "-" , "-" , "-" , "-" , "-" , "-" , "-" , "MAGIC" , "MAGIC" , "-" , "-" , "-" , "-" , "-" , "Mazin et al., AIP Conf. Proc. 1505, 186" , "Source discovery announced at Gamma 2012. Position quoted from NED (2007A&A 470 787P). No information on the positional uncertainty available. A limit of z> 0.4 is provided in Nilsson et al. (2012)."
8 , "TeV J0152+0146" , "RGB J0152+017/RXJ0152.6+0147" , "HBL" , "01 52 33.5" , "+01 46 40.3" , "152.34" , "-57.56" , "5.3" , "1.3" , "107" , "20" , "NO" , "-" , "-" , "-" , "-" , "-" , "5.7e-13" , "1.6e-13" , "1.1e-13" , "2.95" , "0.36" , "0.2" , "2.7" , "0.51" , "0.54" , "NO" , "2" , "300" , "-" , "-" , "26.9" , "330000" , "0.08" , "HESS" , "HESS" , "54404" , "54418" , "52.92" , "0.030" , "1" , "Aharonian et al. (2008), A&A 481, L103" , "-"
9 , "TeV J0205+6451" , "3C 58" , "PWN" , "02 05 31" , "+64 51 00" , "130.7" , "3.1" , "9" , "11" , "60" , "60" , "NO" , "-" , "-" , "-" , "-" , "-" , "2e-13" , "4e-14" , "6e-14" , "2.4" , "0.2" , "0.2" , "0.14" , "-" , "-" , "NO" , "0.65" , "1000" , "36" , "52" , "-" , "2" , "-" , "MAGIC" , "MAGIC" , "56508" , "56662" , "292" , "0.059" , "1" , "Aleksic et al. (2014), A&A 567, L8" , "Spectral properties valid between 400 GeV and 10 TeV."
10 , "TeV J0221+3556" , "S3 0218+35/ B2 0218+35" , "Blazar" , "02 21 05.5" , "+35 56 13.7" , "142.6" , "-23.49" , "-" , "-" , "-" , "-" , "NO" , "-" , "-" , "-" , "-" , "-" , "-" , "-" , "-" , "-" , "-" , "-" , "-" , "-" , "-" , "-" , "15" , "100" , "-" , "-" , "-" , "-" , "0.944" , "MAGIC" , "MAGIC" , "56861" , "56864" , "13" , "-" , "-" , "Mirzoyan et al. (2014), ATel. #6349" , "Source announced by Mirzoyan et al. (2014), ATel. #6349."
11 , "TeV J0222+4302" , "3C 66A" , "IBL" , "02 22 39.6" , "+43 02 07.8" , "140.14" , "-16.77" , "-" , "-" , "-" , "-" , "NO" , "-" , "-" , "-" , "-" , "-" , "9.6e-11" , "2.5e-11" , "3.4e-11" , "3.64" , "0.39" , "0.25" , "45" , "11" , "16" , "NO" , "8.3" , "100" , "13" , "35" , "-" , "1685" , "0.444" , "Crimea" , "MAGIC" , "55170" , "55214" , "8.28" , "-" , "0.2" , "Aleksic et al. (2011), ApJ 726, 58" , "Coordinates from NED (1995AJ 110 880J). Distance of CoG from 3C 66A: (0.010 +/- 0.023) deg."
12 , "TeV J0223+4259" , "MAGIC J0223+403/ 3C 66B" , "UNID" , "02 23 11.4" , "+42 59 31.4" , "140.25" , "-16.78" , "-" , "-" , "-" , "-" , "NO" , "-" , "-" , "-" , "-" , "-" , "1.7e-11" , "3e-12" , "6e-12" , "3.1" , "0.3" , "0.2" , "7.3" , "1.5" , "-" , "NO" , "2.2" , "150" , "13" , "35" , "-" , "-" , "-" , "MAGIC" , "MAGIC" , "54313" , "54465" , "163" , "0.048" , "0.3" , "Aliu et al. (2009), ApJ 692, L29" , "Position quoted from NED (2004AJ 127.3587F). 3C 66B is 1.1 arcmin from the excess position."
13 , "TeV J0232+2016" , "1ES 0229+200" , "HBL" , "02 32 53.2" , "+20 16 21" , "152.96" , "-36.62" , "3.1" , "1.3" , "44" , "20" , "NO" , "-" , "-" , "-" , "-" , "-" , "6.2e-13" , "-" , "-" , "2.5" , "0.19" , "0.1" , "0.94" , "0.15" , "0.19" , "NO" , "1.8" , "580" , "-" , "-" , "46" , "574230" , "0.14" , "HESS" , "HESS" , "53614" , "54088" , "150.48" , "0.014" , "1" , "Aharonian et al. (2007), A&A 475, L9" , "Diff. flux normalization calculated from the integral flux and spectral index, assuming 1 TeV as normalization energy."
14 , "TeV J0240+6115" , "LSI +61_303" , "XRB" , "02 40 34" , "+61 15 25" , "135.66" , "1.11" , "2" , "8" , "24" , "120" , "NO" , "-" , "-" , "-" , "-" , "-" , "2.7e-12" , "4e-13" , "8e-13" , "2.6" , "0.2" , "0.2" , "2.2" , "-" , "-" , "NO" , "8" , "400" , "-" , "-" , "-" , "2" , "-" , "MAGIC" , "MAGIC" , "53644" , "53825" , "194.4" , "0.034" , "1" , "Albert et al. (2006), Science Vol. 312, 1771" , "Spectrum from 200 GeV and 4 TeV, calculated at phase=0.4-0.7; maximum flux (16% CU) at orbital phase around 0.6."
15 , "TeV J0303-2407" , "PKS 0301-243/ RBS 0383" , "HBL" , "03 03 23.49" , "-24 07 35.86" , "214.62" , "-60.2" , "1.19" , "1.3" , "15.35" , "19.5" , "NO" , "-" , "-" , "-" , "-" , "-" , "1.1e-11" , "-" , "-" , "4.6" , "0.7" , "0.2" , "3.3" , "1.1" , "0.7" , "NO" , "1.4" , "200" , "0" , "20" , "-" , "-" , "0.266" , "HESS" , "HESS" , "55044" , "55926" , "125.6" , "0.0073" , "0.29" , "Aharonian et al. (2013), A&A 559A, 136." , "-"
16 , "TeV J0316+4119" , "MAGIC J0317+413/ IC 310" , "AGN" , "03 16 43.0" , "+41 19 29" , "150.18" , "-13.74" , "-" , "-" , "-" , "-" , "NO" , "-" , "-" , "-" , "-" , "-" , "1.1e-12" , "2e-13" , "-" , "2" , "0.14" , "-" , "3.1" , "0.5" , "-" , "NO" , "2.5" , "300" , "-" , "-" , "-" , "-" , "0.0189" , "MAGIC" , "MAGIC" , "55105" , "55255" , "74.16" , "-" , "1" , "Aleksic et al. (2010), ApJ Lett. 723, L207" , "No position is quoted. Coordinates from NED."
17 , "TeV J0319+1845" , "RBS 0413/ EXO 0317.0+1834/1E 0317.0+1835" , "HBL" , "03 19 47" , "+18 45 42" , "165.08" , "-31.71" , "4" , "7" , "60" , "108" , "NO" , "-" , "-" , "-" , "-" , "-" , "1.38e-11" , "5.2e-12" , "6e-12" , "3.18" , "0.68" , "0.3" , "1.5" , "0.6" , "0.7" , "NO" , "1" , "250" , "11" , "33" , "20" , "-" , "0.190" , "VERITAS" , "VERITAS" , "54732" , "55485" , "94" , "0.034" , "0.3" , "Aliu et al. (2012), ApJ 750, 94" , "-"
18 , "TeV J0319+4130" , "NGC 1275" , "FRI" , "03 19 48.1" , "+41 30 42.1" , "150.57" , "-13.26" , "-" , "-" , "-" , "-" , "NO" , "-" , "-" , "-" , "-" , "-" , "3.1e-10" , "1e-10" , "7e-11" , "4.1" , "0.7" , "0.3" , "13" , "2" , "3" , "NO" , "2.5" , "100" , "12" , "36" , "-" , "-" , "0.0179" , "MAGIC" , "MAGIC" , "55409" , "55620" , "164.52" , "-" , "0.1" , "Aleksic et al. (2012), A&A 539, L2" , "Coordinates from NED (2002ApJS 141 13B). Spectrum between 70 GeV and 500 GeV."
19 , "TeV J0349-1158" , "1ES 0347-121" , "HBL" , "03 49 23.0" , "-11 58 38" , "201.9" , "-45.71" , "1.4" , "1.3" , "33" , "20" , "NO" , "-" , "-" , "-" , "-" , "-" , "4.52e-13" , "8.5e-14" , "9e-14" , "3.10" , "0.23" , "0.10" , "3.9" , "1.1" , "-" , "NO" , "2" , "250" , "12" , "40" , "19" , "762490" , "0.188" , "HESS" , "HESS" , "53973" , "54090" , "91.44" , "0.011" , "1" , "Aharonian et al. (2007), A&A 473, L25" , "-"
20 , "TeV J0416+0105" , "1ES 0414+009" , "HBL" , "04 16 52.96" , "+01 05 20.4" , "191.81" , "-33.16" , "0.10" , "1.3" , "15" , "20" , "NO" , "-" , "-" , "-" , "-" , "-" , "5.7e-12" , "6.2e-13" , "-" , "3.45" , "0.25" , "0.20" , "1.88" , "0.20" , "0.38" , "NO" , "0.6" , "200" , "22" , "41" , "26" , "-" , "0.287" , "HESS" , "HESS" , "53371" , "55196" , "265" , "0.0069" , "0.35" , "Abramowski et al. (2012), A&A 538, 103" , "-"
21 , "TeV J0449-4350" , "PKS 0447-439" , "HBL" , "04 49 28.2" , "-43 50 12" , "248.8" , "-39.91" , "1.4" , "1" , "15" , "18" , "NO" , "-" , "-" , "-" , "-" , "-" , "3.5e-13" , "1.1e-13" , "9e-14" , "3.89" , "0.37" , "0.22" , "3.3" , "0.8" , "-" , "NO" , "3" , "250" , "20" , "26" , "-" , "-" , "-" , "HESS" , "HESS" , "55136" , "55227" , "49" , "0.0072" , "1" , "Abramowski et al. (2013), A&A 552, A118" , "-"
22 , "TeV J0507+6737" , "1ES 0502+675" , "HBL" , "05 07 56.25" , "+67 37 24.4" , "143.79" , "15.89" , "-" , "-" , "-" , "-" , "NO" , "-" , "-" , "-" , "-" , "-" , "-" , "-" , "-" , "3.9" , "0.4" , "-" , "-" , "-" , "-" , "-" , "6" , "300" , "-" , "-" , "-" , "-" , "0.341" , "VERITAS" , "VERITAS" , "55075" , "55227" , "108" , "-" , "-" , "Benbow (2011), 32nd ICRC" , "Data from Benbow (2011), 32nd ICRC."
23 , "TeV J0521+2112" , "RGB J0521.8+211/ VER J0521+211" , "IBL" , "05 21 45" , "+21 12 51.4" , "183.6" , "-8.72" , "1" , "1.7" , "14" , "25" , "NO" , "-" , "-" , "-" , "-" , "-" , "1.99e-11" , "1.8e-12" , "8e-12" , "3.44" , "0.20" , "0.30" , "19.3" , "0.13" , "0.78" , "NO" , "9.2" , "200" , "-" , "-" , "16" , "-" , "-" , "VERITAS" , "VERITAS" , "55126" , "55212" , "52.2" , "0.0080" , "0.4" , "Archambault et al. (2013), ApJ 776, 69" , "Data from Archambault et al. (2013), ApJ 776, 69."
24 , "TeV J0525-6938" , "LMC N132D/ SNR J052501-693842" , "SNR/MC" , "05 25 02.20" , "-69 38 39.0" , "280.3" , "-32.79" , "-" , "-" , "-" , "-" , "NO" , "-" , "-" , "-" , "-" , "-" , "1.3e-13" , "5e-14" , "4e-14" , "2.4" , "0.3" , "0.3" , "-" , "-" , "-" , "NO" , "-" , "-" , "-" , "-" , "-" , "-" , "-" , "HESS" , "HESS" , "-" , "-" , "533" , "-" , "1" , "Acero et al. (2015), Science 347, 406" , "Data from Acero et al. (2015), Science 347, 406."
25 , "TeV J0534+2200" , "Crab/ G 184.6-5.8/ 3C 144/ SN 1054" , "PWN" , "05 34 31.1" , "+22 00 52" , "184.55" , "-5.79" , "-" , "-" , "-" , "-" , "NO" , "-" , "-" , "-" , "-" , "-" , "-" , "-" , "-" , "-" , "-" , "-" , "-" , "-" , "-" , "YES" , "-" , "25" , "-" , "-" , "-" , "2" , "-" , "WHIPPLE" , "MAGIC" , "54374" , "54497" , "80.28" , "-" , "-" , "Aliu et al. (2008), Science 322, 1222" , "Pulsar emission. Spectrum with exp. cutoff: A*E^(-alpha)*exp[-(E/Ec)^beta]."
26 , "TeV J0535-6911" , "30 Dor C" , "Superbubble" , "05 35 55" , "-69 11 10" , "279.59" , "-31.91" , "5" , "1.3" , "20" , "20" , "NO" , "-" , "-" , "-" , "-" , "-" , "1.6e-13" , "4e-14" , "5e-14" , "2.6" , "0.2" , "0.3" , "-" , "-" , "-" , "NO" , "-" , "-" , "-" , "-" , "-" , "-" , "-" , "HESS" , "HESS" , "-" , "-" , "659" , "0.022" , "1" , "Acero et al. (2015), Science 347, 406" , "Data from Acero et al. (2015), Science 347, 406."
27 , "TeV J0537-6909" , "N 157B/ PSR J0537-6910" , "PWN" , "05 37 44" , "-69 09 57" , "279.55" , "-31.76" , "2" , "1.3" , "11" , "20" , "NO" , "-" , "-" , "-" , "-" , "-" , "1.3e-12" , "1e-13" , "4e-13" , "2.8" , "0.1" , "0.3" , "-" , "-" , "-" , "NO" , "-" , "-" , "-" , "-" , "-" , "-" , "-" , "HESS" , "HESS" , "-" , "-" , "652" , "0.010" , "1" , "Acero et al. (2015), Science 347, 406" , "Data from Acero et al. (2015), Science 347, 406."
28 , "TeV J0550-3216" , "PKS 0548-322/ H 0548-322/ 1ES 0548-322" , "HBL" , "05 50 38.4" , "-32 16 12.9" , "237.56" , "-26.16" , "3.2" , "1.3" , "40.2" , "20" , "NO" , "-" , "-" , "-" , "-" , "-" , "3.8e-13" , "-" , "-" , "2.86" , "0.34" , "0.1" , "2.7" , "0.6" , "0.5" , "NO" , "1.3" , "250" , "-" , "-" , "-" , "287400" , "0.069" , "HESS" , "HESS" , "53279" , "54495" , "125.64" , "0.014" , "1" , "Aharonian et al. (2010), A&A 521, A69" , "Data from Aharonian et al. (2010), A&A 521, A69."
29 , "TeV J0616+2230" , "IC 443/ SNR 189.1+03.0/ MAGIC 0616+223" , "SNR" , "06 16 51" , "+22 30 11" , "189.07" , "2.91" , "7" , "19" , "108" , "288" , "YES" , "0.16" , "0.04" , "0.16" , "0.04" , "-" , "8.38e-13" , "2.1e-13" , "2.5e-13" , "2.99" , "0.38" , "0.3" , "4.63" , "0.9" , "0.93" , "NO" , "3.2" , "300" , "-" , "-" , "17" , "1.5" , "-" , "MAGIC" , "VERITAS" , "54132" , "54434" , "135.72" , "0.085" , "1" , "Acciari et al. (2009), ApJL 698, L133" , "Spectral properties valid from 0.317 to 2.0 TeV."
30 , "TeV J0632+0548" , "HESS J0632+057" , "XRB" , "06 32 58.3" , "+05 48 20" , "205.66" , "-1.45" , "-" , "-" , "-" , "-" , "NO" , "-" , "-" , "-" , "-" , "-" , "1.2e-12" , "3e-13" , "2e-13" , "2.6" , "0.3" , "0.2" , "8.8" , "1.7" , "2.1" , "NO" , "4" , "200" , "22" , "50" , "-" , "1.6" , "-" , "HESS" , "MAGIC" , "55470" , "55651" , "38.16" , "-" , "1" , "Aleksic et al. (2012), ApJ 754, L10" , "Source detected during the Feb. 2011 outburst."
31 , "TeV J0632+1722" , "MGRO J0632+17/ Geminga PWN" , "PWN" , "06 32 28" , "+17 22 00" , "195.33" , "3.77" , "96" , "72" , "1440" , "1080" , "YES" , "1.3" , "0.2" , "1.3" , "0.2" , "-" , "3.77e-16" , "1.07e-16" , "-" , "2.6" , "-" , "-" , "-" , "-" , "-" , "NO" , "-" , "35000" , "-" , "-" , "-" , "0.169" , "-" , "MILAGRO" , "MILAGRO" , "-" , "-" , "-" , "0.50" , "35" , "Abdo et al. (2009), ApJ 700, L127" , "-"
32 , "TeV J06481516" , "RX J0648.7+1516/ VER J0648+152" , "HBL" , "06 48 45.6" , "15 16 12.0" , "198.98" , "6.31" , "26.4" , "1.7" , "432" , "25" , "NO" , "-" , "-" , "-" , "-" , "-" , "2.3e-11" , "5e-12" , "1.2e-11" , "4.4" , "0.8" , "0.3" , "-" , "-" , "-" , "NO" , "3.3" , "200" , "-" , "-" , "-" , "-" , "0.179" , "VERITAS" , "VERITAS" , "55259" , "55271" , "21.6" , "0.12" , "0.3" , "Aliu et al. (2011), ApJ 742, 127" , "-"
33 , "TeV J0650+2503" , "1ES 0647+250/ 1RXS J065046.7+250257" , "HBL" , "06 50 46.5" , "+25 03 00" , "190.28" , "10.99" , "-" , "-" , "-" , "-" , "NO" , "-" , "-" , "-" , "-" , "-" , "-" , "-" , "-" , "-" , "-" , "-" , "-" , "-" , "-" , "NO" , "-" , "-" , "-" , "-" , "-" , "-" , "0.41" , "MAGIC" , "MAGIC" , "-" , "-" , "-" , "-" , "-" , "de Lotto et al. (2011), TAUP 2011" , "Position taken from NED (2007ApJS 171 61H). No information on the positional uncertainty available. Tentative detection by MAGIC."
34 , "TeV J0710+5909" , "RGB J0710+591/ RX J0710.5+5908" , "HBL" , "07 10 26.4" , "+59 09 00" , "157.39" , "25.42" , "2.4" , "6" , "36" , "90" , "NO" , "-" , "-" , "-" , "-" , "-" , "7.3e-13" , "2.2e-13" , "-" , "2.69" , "0.26" , "0.2" , "3.9" , "0.8" , "-" , "NO" , "3" , "300" , "-" , "-" , "30" , "-" , "0.125" , "VERITAS" , "VERITAS" , "54801" , "54920" , "79.6" , "0.027" , "1" , "Acciari et al. (2010), ApJ 715, L49" , "-"
35 , "TeV J0721+7120" , "S5 0716+714/ 1H 0717+714" , "LBL" , "07 21 53.4" , "+71 20 36.4" , "143.98" , "28.01" , "-" , "-" , "-" , "-" , "NO" , "-" , "-" , "-" , "-" , "-" , "2.4e-11" , "8e-12" , "7e-12" , "3.45" , "0.54" , "0.2" , "7.5" , "2.2" , "2.3" , "NO" , "9" , "400" , "47" , "55" , "-" , "1217000" , "0.31" , "MAGIC" , "MAGIC" , "54578" , "54584" , "47.16" , "-" , "0.5" , "Anderhub et al. (2009), ApJ, 704, L129" , "Position provided by NED (1995AJ 110 880J). Data from Anderhub et al. (2009), ApJ, 704, L129 refer to only 2008 observations."
36 , "TeV J0809+5219" , "1ES 0806+524" , "HBL" , "08 09 59" , "+52 19 00" , "166.24" , "32.93" , "9" , "7" , "120" , "100" , "NO" , "-" , "-" , "-" , "-" , "-" , "6.8e-12" , "1.7e-12" , "1.3e-12" , "3.6" , "1.0" , "0.3" , "2.2" , "0.5" , "0.4" , "NO" , "1.8" , "300" , "-" , "-" , "-" , "566280" , "0.138" , "VERITAS" , "VERITAS" , "54410" , "54570" , "234" , "0.048" , "0.4" , "Acciari et al (2009), ApJ 690, L126" , "Spectral properties valid from 300 and 700 GeV."
37 , "TeV J0835-4536" , "Vela X/ HESS J0835-455" , "PWN" , "08 35 00" , "-45 36 00" , "263.85" , "-3.1" , "-" , "-" , "-" , "-" , "YES" , "0.52" , "0.02" , "0.12" , "0.02" , "30" , "1.46e-11" , "8e-13" , "3e-12" , "1.32" , "0.06" , "0.12" , "21.0" , "1.9" , "4.4" , "YES" , "-" , "1000" , "20" , "45" , "-" , "0.29" , "-" , "HESS" , "HESS" , "53736" , "54921" , "191.16" , "-" , "1" , "Abramowski et al. (2012), A&A 548, A38" , "Only events with E>0.75 TeV. Observation of emission up to 1.2deg from the center. Best-fit spectrum: PL+exp. cutoff: N0(E/1 TeV)^(-Gamma)E^(-E/Ecutoff), with Gamma=1.4+/-0.2+/-0.3; Ecutoff=(13+/-5+/-4)TeV."
38 , "TeV J0847+1133" , "RBS 0723/ 1RXS J084713.3+113349" , "HBL" , "08 47 12.9" , "+11 33 50.3" , "215.45" , "30.88" , "-" , "-" , "-" , "-" , "NO" , "-" , "-" , "-" , "-" , "-" , "-" , "-" , "-" , "-" , "-" , "-" , "-" , "-" , "-" , "NO" , "2.5" , "-" , "-" , "-" , "-" , "-" , "0.198" , "MAGIC" , "MAGIC" , "-" , "-" , "-" , "-" , "-" , "Mirzoyan et al. (2014) Atel. #5768" , "Position taken from NED (2007SDSS6.C 0000:). No information on the positional uncertainty available. Source detected during high emission state in January 2014."
39 , "TeV J0852-4622" , "RX J0852.0-4622/ Vela Junior/ HESS J0852-463" , "SNR" , "08 52 00" , "-46 22 00" , "266.28" , "-1.25" , "-" , "-" , "-" , "-" , "YES" , "1" , "-" , "1" , "-" , "-" , "-" , "-" , "-" , "2.24" , "0.04" , "0.15" , "15.2" , "0.7" , "3.2" , "NO" , "70" , "1000" , "20" , "50" , "30" , "0.2" , "-" , "CANGAROO" , "HESS" , "53340" , "53520" , "72" , "-" , "1" , "Aharonian et al. (2007), ApJ 661, 236" , "-"
40 , "TeV J0955+6940" , "NGC 3034/ M 82" , "Starburst" , "09 55 52.73" , "+69 40 48.78" , "141.4" , "40.56" , "-" , "-" , "-" , "-" , "NO" , "-" , "-" , "-" , "-" , "-" , "3.3e-13" , "-" , "-" , "2.5" , "0.6" , "0.2" , "0.37" , "0.08" , "0.07" , "NO" , "0.9" , "700" , "-" , "-" , "39" , "3900" , "0.000677" , "VERITAS" , "VERITAS" , "54466" , "54951" , "493.6" , "-" , "1" , "Karlsson et al. (2009), 2009 Fermi Symp." , "Data from Karlsson et al. (2009), 2009 Fermi Symp. Position from NED. Observed from January 2008 to April 2009."
41 , "TeV J0958+6533" , "S4 0954+65" , "FSRQ" , "09 58 47.00" , "+65 33 55.00" , "145.74" , "43.13" , "-" , "-" , "-" , "-" , "NO" , "-" , "-" , "-" , "-" , "-" , "-" , "-" , "-" , "-" , "-" , "-" , "2.0" , "-" , "-" , "-" , "-" , "150" , "-" , "-" , "-" , "-" , "0.368" , "MAGIC" , "MAGIC" , "57067" , "57068" , "7" , "-" , "-" , "Mirzonian et al. (2015), Atel. #7080" , "Source announced by Mirzonian et al. (2015), Atel. #7080."
42 , "TeV J1010-3118" , "1RXS J101015.9-311909" , "HBL" , "10 10 15.03" , "-31 18 18.4" , "266.89" , "20.06" , "3.77" , "1.56" , "41.6" , "20" , "NO" , "-" , "-" , "-" , "-" , "-" , "1.87e-13" , "6.6e-14" , "3.7e-14" , "3.08" , "0.42" , "0.2" , "2.35" , "0.64" , "0.47" , "NO" , "0.8" , "200" , "8" , "28" , "13" , "573000" , "0.14" , "HESS" , "HESS" , "-" , "-" , "118.8" , "0.017" , "1" , "Abramowski et al. (2012), A&A 542, A94" , "-"
43 , "TeV J1015+4926" , "1ES 1011+496" , "HBL" , "10 15 04.1" , "+49 26 01" , "165.53" , "52.71" , "-" , "-" , "-" , "-" , "NO" , "-" , "-" , "-" , "-" , "-" , "2e-10" , "1e-11" , "1.5e-10" , "4.0" , "0.5" , "0.2" , "15.8" , "3.2" , "11.9" , "NO" , "7" , "200" , "20" , "37" , "-" , "-" , "0.212" , "MAGIC" , "MAGIC" , "54176" , "54238" , "67.3" , "-" , "0.2" , "Albert et al. (2007), ApJ 667, L21" , "Position from NED (2011AJ 142 89P). De-absorbed data from Albert et al. (2007), ApJ 667, L21."
44 , "TeV J1016-5858" , "HESS J1018-589 B/ PSR J1016–5857" , "PWN" , "10 16 31" , "-58 58 48" , "284.11" , "-1.9" , "12" , "1.3" , "180" , "20" , "YES" , "0.15" , "0.03" , "0.15" , "0.03" , "-" , "6.8e-13" , "1.6e-13" , "1.4e-13" , "2.9" , "0.4" , "0.2" , "0.36" , "-" , "-" , "NO" , "1.8" , "1000" , "35" , "50" , "-" , "8" , "-" , "HESS" , "HESS" , "54101" , "55012" , "144" , "0.050" , "1" , "Abramowski et al. (2012), A&A 541, A5" , "-"
45 , "TeV J1018-5856" , "HESS J1018-589 A/ SNR G284.3–1.8" , "BIN" , "10 18 59.3" , "-58 56 10" , "284.35" , "-1.68" , "2.4" , "1.3" , "36" , "20" , "NO" , "-" , "-" , "-" , "-" , "-" , "4.2e-13" , "1.1e-13" , "8e-14" , "2.7" , "0.5" , "0.2" , "0.25" , "-" , "-" , "NO" , "1.3" , "1000" , "35" , "50" , "-" , "2.9" , "-" , "HESS" , "HESS" , "54101" , "55012" , "144" , "0.011" , "1" , "Abramowski et al. (2012), A&A 541, A5" , "-"
46 , "TeV J1023-5747" , "Westerlund 2/ HESS J1023-575" , "WR/MSC" , "10 23 24.0" , "-57 47 24" , "284.21" , "-0.41" , "7.2" , "1.3" , "72" , "20" , "YES" , "0.18" , "0.02" , "0.18" , "0.02" , "-" , "3.3e-12" , "5e-13" , "6.5e-13" , "2.58" , "0.19" , "0.2" , "2.9" , "-" , "-" , "NO" , "10" , "800" , "30" , "55" , "38" , "8" , "-" , "HESS" , "HESS" , "53795" , "54983" , "165.24" , "0.030" , "1" , "Abramowski et al. (2011), A&A 525, A46" , "-"
47 , "TeV J1026-5812" , "HESS J1026-582" , "PWN" , "10 26 38.4" , "-58 12 00" , "284.79" , "-0.53" , "21.6" , "1.3" , "108" , "20" , "YES" , "0.14" , "0.03" , "0.14" , "0.03" , "-" , "9.9e-13" , "3.4e-14" , "2e-14" , "1.94" , "0.2" , "0.2" , "1.3" , "-" , "-" , "NO" , "4" , "800" , "30" , "55" , "38" , "-" , "-" , "HESS" , "HESS" , "53795" , "54983" , "165.25" , "0.090" , "1" , "Abramowski et al. (2011), A&A 525, A46" , "-"
48 , "TeV J1103-2329" , "1ES 1101-232/ 1H 1100-230" , "HBL" , "11 03 36.5" , "-23 29 45" , "273.18" , "33.07" , "2.5" , "1.3" , "26" , "20" , "NO" , "-" , "-" , "-" , "-" , "-" , "5.6e-13" , "8.9e-14" , "-" , "2.94" , "0.2" , "0.1" , "4.5" , "1.2" , "0.9" , "NO" , "-" , "200" , "-" , "-" , "-" , "-" , "0.186" , "HESS" , "HESS" , "53111" , "53445" , "153.72" , "0.012" , "1" , "Aharonian et al. (2007), A&A 470, 475" , " Data from Aharonian et al. (2007), A&A 470, 475. Flux normalization is given at 1 TeV."
49 , "TeV J1104+3811" , "Markarian 421" , "HBL" , "11 04 19" , "+38 11 41" , "179.88" , "65.01" , "-" , "-" , "-" , "-" , "NO" , "-" , "-" , "-" , "-" , "-" , "-" , "-" , "-" , "2.20" , "0.08" , "-" , "-" , "-" , "-" , "YES" , "-" , "200" , "9" , "55" , "-" , "129740" , "0.031" , "WHIPPLE" , "MAGIC" , "53325" , "53470" , "92.1" , "-" , "-" , "Albert et al. (2007) ApJ, 663, 125A" , "De-absorbed spectrum is well fitted by a power law with an exponential cut-off at 1.4 TeV. Value shown in the table are for this fit."
50 , "TeV J1119-6124" , "G 292.2-0.5/ HESS J1119-614/ PSR J1119-6127" , "PWN" , "11 19 00" , "-61 24 00" , "292.1" , "-0.49" , "-" , "-" , "-" , "-" , "YES" , "0.1" , "-" , "0.1" , "-" , "-" , "-" , "-" , "-" , "-" , "-" , "-" , "-" , "-" , "-" , "-" , "4" , "500" , "-" , "-" , "-" , "5" , "-" , "HESS" , "HESS" , "-" , "-" , "180" , "-" , "-" , "Djannati-Atai et al. (2009)" , "Source detection presented at the Workshop Supernova Remnants and Pulsar Wind Nebulae in the Chandra Era (2009)."
51 , "TeV J1136+6737" , "RX J1136.5+6737" , "HBL" , "11 36 30.1" , "+67 37 04.4" , "133.45" , "47.95" , "-" , "-" , "-" , "-" , "NO" , "-" , "-" , "-" , "-" , "-" , "-" , "-" , "-" , "-" , "-" , "-" , "-" , "-" , "-" , "NO" , "1.5" , "200" , "-" , "-" , "-" , "-" , "0.1342" , "MAGIC" , "MAGIC" , "-" , "-" , "-" , "-" , "-" , "Mirzoyan et al. (2014) Atel. #6062" , "Source announced by Mirzoyan et al. (2014), Atel. #6062."
52 , "TeV J1136+7009" , "Markarian 180/1ES 1133+704/1H 1137+699" , "HBL" , "11 36 26.4" , "+70 09 27.3" , "131.91" , "45.64" , "-" , "-" , "-" , "-" , "NO" , "-" , "-" , "-" , "-" , "-" , "4.5e-11" , "1.8e-11" , "2.2e-11" , "3.3" , "0.7" , "0.2" , "23" , "7" , "-" , "NO" , "11" , "200" , "39" , "44" , "-" , "187970" , "0.045" , "MAGIC" , "MAGIC" , "53817" , "53825" , "39.96" , "-" , "0.3" , "Albert et al., ApJ Lett. (2006) 648, L105" , "Data from Albert et al., ApJ Lett. (2006) 648, L105. Position from NED (2004AJ 127 3587F). Flux normalization is given at 300 GeV."
53 , "TeV J1217+3006" , "1ES 1215+303/ B2 1215+30" , "LBL" , "12 17 48.5" , "+30 06 06" , "189.02" , "82.04" , "1.7" , "3" , "25" , "50" , "NO" , "-" , "-" , "-" , "-" , "-" , "2.3e-11" , "5e-12" , "9e-12" , "3.6" , "0.4" , "0.3" , "8.0" , "0.9" , "3.2" , "NO" , "3.4" , "200" , "-" , "-" , "15" , "-" , "0.130" , "MAGIC" , "VERITAS" , "55562" , "55742" , "136.8" , "0.016" , "0.3" , "Aliu et al. (2013), ApJ 779, 92" , "Data from Aliu et al. (2013), ApJ 779, 92. Flux data correspondent to the 2011 data campaign."
54 , "TeV J1221+2813" , "W Comae/ ON+231/ B2 1219+28" , "IBL" , "12 21 31.7" , "+28 13 58.5" , "201.74" , "83.28" , "-" , "-" , "-" , "-" , "NO" , "-" , "-" , "-" , "-" , "-" , "6.5e-11" , "9e-12" , "1.3e-11" , "3.68" , "0.22" , "0.30" , "57" , "6" , "-" , "NO" , "23" , "200" , "49" , "73" , "-" , "-" , "0.102" , "VERITAS" , "VERITAS" , "54624" , "54626" , "13.8" , "-" , "0.4" , "Acciari et al. (2009), ApJ 707, 612" , "Data of the 7-9 June 2008 flare. Position from NED (1995AJ 110 880J)."
55 , "TeV J1221+3011" , "1ES 1218+304/ 1H 1219+301/ H 1219+305" , "HBL" , "12 21 26.3" , "+30 11 29" , "186.21" , "82.74" , "2.8" , "7.0" , "33" , "90" , "NO" , "-" , "-" , "-" , "-" , "-" , "7.5e-12" , "1.1e-12" , "1.5e-12" , "3.08" , "0.34" , "0.20" , "12.2" , "2.6" , "-" , "NO" , "6" , "200" , "2" , "35" , "14" , "739140" , "0.182" , "MAGIC" , "VERITAS" , "54101" , "54190" , "62.64" , "0.031" , "0.5" , "Acciari et al. (2009), ApJ 695, 1370" , "-"
56 , "TeV J1224+2122" , "4C +21.35/ PKS 1222+21" , "FSRQ" , "12 24 54.5" , "+21 22 46.4" , "255.08" , "81.65" , "-" , "-" , "-" , "-" , "NO" , "-" , "-" , "-" , "-" , "-" , "7.8e-10" , "1.2e-10" , "3.5e-10" , "3.75" , "0.27" , "0.2" , "460" , "50" , "-" , "NO" , "100" , "100" , "-" , "-" , "-" , "-" , "0.432" , "MAGIC" , "MAGIC" , "55319" , "55366" , "51.48" , "-" , "0.2" , "Aleksic et al. (2011), ApJL 730, L8" , "The source has been detected only in one night (MJD 55364) with Texp: 1.8 ksec. Normalization factor is at 200 GeV. Position provided by NED (2002ApJS 141 13B)."
57 , "TeV J1224+2436" , "MS 1221.8+2452/ 1RXS J122424.2+243618" , "HBL" , "12 24 24.2" , "+24 36 24" , "233.96" , "83.41" , "-" , "-" , "-" , "-" , "NO" , "-" , "-" , "-" , "-" , "-" , "-" , "-" , "-" , "-" , "-" , "-" , "-" , "-" , "-" , "NO" , "4" , "200" , "-" , "-" , "-" , "-" , "0.218" , "MAGIC" , "MAGIC" , "56412" , "56413" , "14.4" , "-" , "-" , "Cortina et al. (2013), Atel #5038" , "Source announced in Atel #5038. Position taken from NED. No information on the positional uncertainty available."
58 , "TeV J1230+1223" , "M87/ 1ES 1228+126/ 1H 1226+128" , "FRI" , "12 30 47.2" , "+12 23 51" , "283.74" , "74.49" , "1.4" , "1.3" , "19" , "20" , "NO" , "-" , "-" , "-" , "-" , "-" , "2.4e-13" , "7.5e-14" , "4.8e-14" , "2.62" , "0.35" , "0.2" , "-" , "-" , "-" , "NO" , "-" , "-" , "-" , "-" , "-" , "-" , "0.0044" , "HEGRA" , "HESS" , "53005" , "53370" , "-" , "0.0080" , "1" , "Aharonian et al. (2006), Science 314, 1424" , "Data of the 2004 campaign from Aharonian et al. (2006), Science 314, 1424. Year-by-year light curve (2003-2006)."
59 , "TeV J1256-0547" , "3C 279" , "FSRQ" , "12 56 11.1" , "-05 47 22" , "305.1" , "57.06" , "-" , "-" , "-" , "-" , "NO" , "-" , "-" , "-" , "-" , "-" , "-" , "-" , "-" , "-" , "-" , "-" , "515" , "82" , "150" , "NO" , "-" , "80" , "-" , "-" , "-" , "-" , "0.536" , "MAGIC" , "MAGIC" , "-" , "-" , "-" , "-" , "-" , "-" , "Position from NED."
60 , "TeV J1302-6349" , "PSR B1259-63" , "XRB" , "13 02 49.3" , "-63 49 53" , "304.18" , "-0.99" , "2.3" , "1.3" , "17" , "20" , "NO" , "-" , "-" , "-" , "-" , "-" , "1.3e-12" , "1e-13" , "4e-13" , "2.7" , "0.2" , "0.2" , "4" , "0.4" , "-" , "NO" , "4.9" , "380" , "-" , "-" , "42.7" , "1.5" , "-" , "HESS" , "HESS" , "53036" , "53157" , "174.96" , "0.011" , "1" , "Aharonian et al. (2005), A&A 442, 1" , "-"
61 , "TeV J1302-6310" , "HESS J1303-631" , "PWN" , "13 02 48.0" , "-63 10 39" , "304.21" , "-0.34" , "3" , "1.3" , "24" , "20" , "YES" , "0.194" , "0.008" , "0.145" , "0.006" , "147" , "5.9e-12" , "3e-13" , "-" , "2.44" , "0.03" , "-" , "-" , "-" , "-" , "YES" , "-" , "-" , "-" , "-" , "43.8" , "6.6" , "-" , "HESS" , "HESS" , "53036" , "54466" , "389.88" , "0.014" , "1" , "Abramowski et al. (2012), A&A 548, A46" , "Data from Abramowski et al. (2012), A&A 548, A46. Rotation angle 147+/-6 deg, counted clockwise from North. Spectrum best described by a power-law with an exponential cut-off: N_0=(5.6 +/- 0.5)E-12 ph/TeV/cm2/s; Gamma=1.5 +/- 0.2; Ec=(7.7 +/- 2.2) TeV."
62 , "TeV J1314-4235" , "1ES 1312-423" , "HBL" , "13 14 58.5" , "-42 35 49" , "307.54" , "20.06" , "4.2" , "1.3" , "48" , "20" , "NO" , "-" , "-" , "-" , "-" , "-" , "1.9e-13" , "5.8e-14" , "2.4e-14" , "2.85" , "0.47" , "0.2" , "-" , "-" , "-" , "NO" , "0.5" , "1000" , "-" , "-" , "24" , "-" , "0.105" , "HESS" , "HESS" , "53096" , "55408" , "542.16" , "0.018" , "1" , "Abramowski et al. (2013), MNRAS 434, 1889" , "-"
63 , "TeV J1325-4300" , "Centaurus A" , "FRI" , "13 25 26.4" , "-43 00 42" , "309.51" , "19.42" , "4.6" , "2" , "66" , "30" , "NO" , "-" , "-" , "-" , "-" , "-" , "2.5e-13" , "5.2e-14" , "4.9e-14" , "2.73" , "0.45" , "0.2" , "1.56" , "0.67" , "-" , "NO" , "0.8" , "250" , "20" , "60" , "24" , "-" , "0.00183" , "HESS" , "HESS" , "53096" , "54677" , "414" , "0.021" , "1" , "Aharonian et al. (2009), ApJ 695, L40" , "-"
64 , "TeV J1356-6430" , "HESS J1356-645/ PSR J1357-6429" , "PWN" , "13 56 00" , "-64 30 00" , "309.81" , "-2.5" , "8" , "1.3" , "120" , "20" , "YES" , "0.2" , "0.02" , "0.2" , "0.02" , "-" , "2.7e-12" , "9e-13" , "4e-13" , "2.2" , "0.2" , "0.2" , "2.3" , "0.5" , "-" , "NO" , "11" , "1000" , "39" , "54" , "45" , "2.4" , "-" , "HESS" , "HESS" , "53461" , "54190" , "36" , "0.034" , "1" , "Abramowski et al. (2011), A&A 533, A103" , "-"
65 , "TeV J1418-6058" , "G313.3+0.1/ HESS J1418-609/ Kookaburra (Rabbit)" , "PWN" , "14 18 04" , "-60 58 31" , "313.24" , "0.14" , "7" , "1.3" , "35" , "20" , "YES" , "0.082" , "0.025" , "0.045" , "0.012" , "46.2" , "2.6e-12" , "2e-13" , "5.3e-13" , "2.22" , "0.08" , "0.1" , "2.17" , "0.17" , "0.43" , "NO" , "9.6" , "1000" , "-" , "-" , "35.3" , "5.6" , "-" , "HESS" , "HESS" , "53461" , "53583" , "65.16" , "0.030" , "1" , "Aharonian et al. (2006), A&A 456, 245" , "Data from Aharonian et al. (2006), A&A 456, 245. Rotation angle: (46.2+/-20.4)deg - major axis, North to East)."
66 , "TeV J1420-6045" , "PSR J1420-6048/ HESS J1420-607/ Kookaburra (Pulsar)" , "PWN" , "14 20 09" , "-60 45 36" , "313.55" , "0.26" , "4" , "1.3" , "32" , "20" , "YES" , "0.055" , "0.008" , "0.055" , "0.088" , "-" , "3.5e-12" , "2e-13" , "7e-13" , "2.17" , "0.06" , "0.1" , "2.97" , "0.18" , "0.6" , "NO" , "0.07" , "1000" , "-" , "-" , "35.3" , "5.6" , "-" , "HESS" , "HESS" , "53461" , "53583" , "65.16" , "0.018" , "1" , "Aharonian et al. (2006), A&A 456, 245" , "-"
67 , "TeV J14272347" , "PKS 1424+240" , "IBL" , "14 27 00" , "23 47 40" , "29.46" , "68.2" , "7" , "-" , "120" , "-" , "NO" , "-" , "-" , "-" , "-" , "-" , "5.1e-11" , "9e-12" , "5e-12" , "3.8" , "0.5" , "0.3" , "-" , "-" , "-" , "NO" , "5" , "200" , "-" , "-" , "-" , "-" , "<0.66" , "VERITAS" , "VERITAS" , "54881" , "55003" , "-" , "0.033" , "0.2" , "Acciari et al. (2010), ApJL 708, L100" , "-"
68 , "TeV J1427-6051" , "HESS J1427-608" , "UNID" , "14 27 52" , "-60 51 00" , "314.4" , "-0.15" , "12" , "1.3" , "180" , "20" , "YES" , "0.04" , "0.02" , "0.08" , "0.03" , "80" , "1.3e-12" , "4e-13" , "3e-13" , "2.16" , "0.14" , "0.2" , "1.16" , "-" , "-" , "NO" , "5" , "970" , "-" , "-" , "-" , "-" , "-" , "HESS" , "HESS" , "-" , "-" , "75.6" , "0.050" , "1" , "Aharonian et al. (2008), A&A 477, 353" , "Rotation angle: (80+/-17)deg (clockwise from RA axis)."
69 , "TeV J1428+4240" , "H 1426+428/ 1ES 1426+428" , "HBL" , "14 28 32.7" , "+42 40 20.7" , "77.48" , "64.89" , "3.3" , "1.7" , "50" , "25" , "NO" , "-" , "-" , "-" , "-" , "-" , "2e-12" , "1.3e-12" , "1e-13" , "2.6" , "0.6" , "0.1" , "1.7" , "0.5" , "0.1" , "NO" , "10" , "1000" , "-" , "-" , "17" , "-" , "0.129" , "HEGRA" , "WHIPPLE" , "51179" , "51909" , "159.8" , "0.016" , "1" , "Aharonian et al. (2002), A&A 384, L23" , "-"
70 , "TeV J1442-6226" , "RCW 86/ G315.4-2.3/ MSH 14-63" , "SNR" , "14 42 43.0" , "-62 26 41.6" , "315.41" , "-2.31" , "14.1" , "1.3" , "66.5" , "20" , "YES" , "0.41" , "0.03" , "0.41" , "0.03" , "-" , "3.7e-12" , "5e-13" , "8e-13" , "2.54" , "0.12" , "0.2" , "2.34" , "0.3" , "0.5" , "NO" , "10" , "1000" , "38" , "53" , "-" , "2.5" , "-" , "HESS" , "HESS" , "53005" , "54465" , "111.6" , "0.059" , "1" , "Aharonian et al. (2008), ApJ 692, 1500" , "Shell-like morphology: outer rad=(24.43+/-1.79)arcmin; width=(12.39+/-4.22)arcmin."
71 , "TeV J1442+1200" , "1ES 1440+122" , "HBL" , "14 42 48.3" , "+12 00 40.3" , "8.32" , "59.83" , "-" , "-" , "-" , "-" , "NO" , "-" , "-" , "-" , "-" , "-" , "-" , "-" , "-" , "3.4" , "0.7" , "-" , "-" , "-" , "-" , "NO" , "1" , "200" , "-" , "-" , "-" , "-" , "0.162" , "VERITAS" , "VERITAS" , "-" , "-" , "-" , "-" , "-" , "Benbow et al. (2011), 32nd ICRC" , "Data from Benbow (2011), 32nd ICRC. Position from NED (2006SDSS5.C 0000:)."
72 , "TeV J1457-5928" , "HESS J1457-593/ G318.2+0.1" , "SNR/MC" , "14 57 46" , "-59 28 00" , "318.36" , "-0.44" , "33" , "1.3" , "300" , "20" , "YES" , "0.31" , "0.07" , "0.17" , "0.05" , "67" , "-" , "-" , "-" , "-" , "-" , "-" , "-" , "-" , "-" , "-" , "-" , "-" , "35" , "55" , "38" , "3.5" , "-" , "HESS" , "HESS" , "53035" , "55561" , "-" , "0.14" , "-" , "Hofverberg et al. (2011), 25th Texas Symp. Rel. A" , "Data from Hofverberg et al. (2011), 25th Texas Symposium on Relativistic Astrophysics. Orientation angle: (67+/-15)deg."
73 , "TeV J1458-6052" , "HESS J1458-608/ PSR J1459-6053" , "PWN" , "14 58 09.6" , "-60 52 38" , "317.74" , "-1.71" , "7" , "1.3" , "4" , "20" , "YES" , "0.17" , "0.07" , "0.17" , "0.07" , "-" , "2.1e-12" , "4e-13" , "-" , "2.8" , "0.2" , "-" , "1.2" , "0.4" , "-" , "NO" , "6" , "1000" , "-" , "-" , "39" , "-" , "-" , "HESS" , "HESS" , "54832" , "55561" , "345.6" , "0.030" , "1" , "Reyes et al. (2011), 32nd ICRC" , "Data from Reyes et al. (2011), 32nd ICRC."
74 , "TeV J1502-4107" , "SN 1006-SW/ HESS J1502-421" , "SNR" , "15 02 03" , "-41 07 05" , "327.86" , "15.34" , "-" , "-" , "-" , "-" , "YES" , "0.13" , "-" , "0.13" , "-" , "-" , "-" , "-" , "-" , "2.29" , "0.18" , "0.2" , "0.155" , "0.037" , "0.031" , "NO" , "0.8" , "1000" , "-" , "-" , "-" , "2.2" , "-" , "HESS" , "HESS" , "52640" , "54801" , "468" , "-" , "-" , "Acero et al. (2010), A&A 516, A62" , "Center of the shell: RA=15h02m51.1s; DEC=-41d55m32.2s. Center of SW-excess from HESS catalog."
75 , "TeV J1503-5813" , "HESS J1503-582" , "UNID" , "15 03 38" , "-58 13 45" , "319.61" , "0.29" , "24" , "1.3" , "360" , "20" , "YES" , "0.26" , "-" , "0.26" , "-" , "-" , "1.6e-12" , "6e-13" , "-" , "2.4" , "0.4" , "0.2" , "6" , "-" , "-" , "NO" , "6" , "1000" , "35" , "45" , "-" , "-" , "-" , "HESS" , "HESS" , "53005" , "54101" , "86.4" , "0.10" , "1" , "Renaud et al. (2008), arXiv:0811.1552" , "Data from Renaud et al. (2008), arXiv:0811.1552."
76 , "TeV J1504-4148" , "SN 1006-NE/ HESS J1504-418" , "SNR" , "15 04 03.4" , "-41 48 11" , "327.84" , "14.56" , "-" , "-" , "-" , "-" , "YES" , "0.12" , "-" , "0.12" , "-" , "-" , "-" , "-" , "-" , "2.35" , "0.14" , "0.2" , "0.233" , "0.043" , "0.047" , "NO" , "0.9" , "1000" , "-" , "-" , "-" , "2.2" , "-" , "HESS" , "HESS" , "52640" , "54801" , "468" , "-" , "-" , "Acero et al. (2010), A&A 516, A62" , "Center of the shell: RA=15h02m51.1s; DEC=-41d55m32.2s. Center of NE-excess from HESS catalog."
77 , "TeV J1506-6221" , "HESS J1507-622" , "UNID" , "15 06 53" , "-62 21 00" , "317.94" , "-3.5" , "12" , "1.3" , "108" , "20" , "YES" , "0.15" , "0.02" , "0.15" , "0.02" , "-" , "3.1e-12" , "8e-13" , "-" , "2.49" , "0.18" , "0.2" , "2.1" , "0.6" , "0.4" , "NO" , "8" , "1000" , "-" , "-" , "-" , "-" , "-" , "HESS" , "HESS" , "54101" , "54831" , "34.9" , "0.050" , "1" , "Acero et al. (2011), A&A 525, A45" , "-"
78 , "TeV J1512-0906" , "PKS 1510-089" , "FSRQ" , "15 12 52.2" , "-09 06 21.6" , "351.28" , "40.12" , "1.8" , "1.3" , "26.5" , "20" , "NO" , "-" , "-" , "-" , "-" , "-" , "1.1e-10" , "2e-11" , "2e-11" , "5.4" , "0.7" , "0.3" , "10" , "2" , "2" , "NO" , "3" , "150" , "14" , "41" , "-" , "-" , "0.361" , "HESS" , "HESS" , "54910" , "54950" , "56.88" , "0.0093" , "0.18" , "Abramowski et al. (2013), A&A 554, A107" , "Integral flux and spectrum between 0.15 and 1.0 TeV."
79 , "TeV J1513-5914" , "MSH 15-52/ PSR B1509-58" , "PWN" , "15 13 56.6" , "-59 14 06.0" , "320.27" , "-1.25" , "-" , "-" , "-" , "-" , "YES" , "0.21" , "0.08" , "0.07" , "0.07" , "61.3" , "7.9e-13" , "1.5e-13" , "1.7e-13" , "2.21" , "0.39" , "0.4" , "1.6" , "0.4" , "-" , "NO" , "6" , "1900" , "-" , "35" , "30.1" , "5.2" , "-" , "HESS" , "CANGAROO" , "53826" , "53916" , "174.24" , "-" , "2.35" , "Nakamori et al. (2008), ApJ 677, 297" , "Inclination of major axis: (61.3+/-1.9)deg wrt RA axis."
80 , "TeV J1517-2422" , "AP Librae/ PKS B1514-241" , "LBL" , "15 17 40.6" , "-24 22 37.5" , "340.67" , "27.57" , "3" , "1.3" , "18.4" , "20" , "NO" , "-" , "-" , "-" , "-" , "-" , "4.3e-12" , "5.7e-13" , "8.6e-13" , "2.65" , "0.19" , "0.2" , "-" , "-" , "-" , "NO" , "-" , "-" , "-" , "-" , "13" , "-" , "0.049" , "HESS" , "HESS" , "55326" , "55689" , "50.4" , "0.014" , "0.45" , "Abramowski et al. (2015), A&A 573, A31" , "Spectrum fitted between 130 GeV and 6.3TeV."
81 , "TeV J1554-5505" , "G 327.1-1.1" , "PWN" , "15 54 36" , "-55 05 05" , "327.15" , "-1.08" , "4" , "1.3" , "60" , "20" , "YES" , "0.03" , "0.01" , "0.03" , "0.01" , "-" , "1.7e-13" , "3e-14" , "4e-14" , "2.1" , "0.2" , "0.2" , "-" , "-" , "-" , "NO" , "1.5" , "1000" , "30" , "43" , "33" , "9" , "-" , "HESS" , "HESS" , "53371" , "55197" , "162" , "0.018" , "1.39" , "Acero et al. (2012), 32nd ICRC" , "Integral flux (1-10 TeV)= 1.12 x 10^-12 ergs/cm^2/s."
82 , "TeV J1555+1111" , "PG 1553+113/ 1ES 1553+113" , "HBL" , "15 55 43.04" , "+11 11 24.37" , "21.9" , "43.96" , "-" , "-" , "-" , "-" , "NO" , "-" , "-" , "-" , "-" , "-" , "1.61e-10" , "1.4e-11" , "-" , "4.27" , "0.14" , "-" , "-" , "-" , "-" , "NO" , "8" , "150" , "17" , "35" , "-" , "508280" , "0.129" , "HESS" , "MAGIC" , "54182" , "54997" , "103.3" , "-" , "0.2" , "Aleksic et al. (2012), ApJ 748, 46" , "Data from Aleksic et al. 2012. 3 years of observation (2007-2009). Position from NED (2002ApJS 141 13B). Energy threshold is different in every years. The average value is shown."
83 , "TeV J1614-5149" , "HESS J1614-518" , "UNID" , "16 14 19.2" , "-51 49 12" , "331.51" , "-0.59" , "-" , "1.3" , "-" , "20" , "YES" , "0.23" , "0.02" , "0.15" , "0.02" , "49" , "8e-12" , "-" , "-" , "2.46" , "0.2" , "0.2" , "57.8" , "7.7" , "17.3" , "NO" , "25" , "200" , "-" , "-" , "26" , "-" , "-" , "HESS" , "HESS" , "53126" , "53308" , "35.28" , "-" , "1" , "Aharonian et al., ApJ 636 (2006) 777" , "Best-fit position: l=(331.52+/-0.03)deg; b=(-0.58+/-0.02)deg. Rotation angle: (49+/-10)deg, counter-clockwise wrt the positive l-axis. Diff. flux normalization calculated from the integral flux and spectral index, assuming 1 TeV as normalization energy."
84 , "TeV J1616-5054" , "HESS J1616-508" , "PWN" , "16 16 24.0" , "-50 54 00" , "332.39" , "-0.15" , "-" , "1.3" , "-" , "20" , "YES" , "0.136" , "0.008" , "0.136" , "0.008" , "-" , "6.7e-12" , "-" , "-" , "2.35" , "0.06" , "0.2" , "43.3" , "2" , "-" , "NO" , "19" , "200" , "-" , "-" , "26" , "-" , "-" , "HESS" , "HESS" , "53126" , "53308" , "36.72" , "-" , "1" , "Aharonian et al., ApJ 636 (2006) 777" , "Best-fit position: l=(332.391+/-0.014)deg; b=(-0.138+/-0.013)deg. Diff. flux normalization calculated from the integral flux and spectral index, assuming 1 TeV as normalization energy. Source association: PWN powered by PSR J1617-5055?"
85 , "TeV J1626-4905" , "HESS J1626-490" , "UNID" , "16 26 04" , "-49 05 13" , "334.77" , "0.04" , "12" , "1.3" , "180" , "20" , "YES" , "0.07" , "0.02" , "0.1" , "0.05" , "3" , "4.9e-12" , "9e-13" , "-" , "2.18" , "0.12" , "0.2" , "7.6" , "-" , "-" , "NO" , "16" , "600" , "-" , "-" , "-" , "-" , "-" , "HESS" , "HESS" , "-" , "-" , "43.2" , "0.050" , "1" , "Aharonian et al., A&A 477 (2008) 353-363" , "Orientation angle: (3+/-40)deg measured counter-clockwise wrt RA axis."
86 , "TeV J1632-4749" , "HESS J1632-478" , "PWN" , "16 32 09.6" , "-47 49 12" , "336.38" , "0.18" , "-" , "1.3" , "-" , "20" , "YES" , "0.21" , "0.05" , "0.06" , "0.04" , "21" , "5.3e-12" , "-" , "-" , "2.12" , "0.2" , "0.2" , "28.7" , "5.3" , "-" , "NO" , "12" , "200" , "-" , "-" , "26" , "-" , "-" , "HESS" , "HESS" , "53126" , "53308" , "16.2" , "-" , "1" , "Aharonian et al., ApJ 636 (2006) 777" , "Best-fit position: l=(336.38+/-0.04)deg; b=(0.19+/-0.03)deg. Orientation angle: (21+/-13)deg counter-clockwise wrt the positive Gal. Lat. axis (deg). Diff. flux normalization calculated from the integral flux and spectral index, assuming 1 TeV as normalization energy."
87 , "TeV J1634-4716" , "HESS J1634-472" , "UNID" , "16 34 57.6" , "-47 16 12" , "337.1" , "0.21" , "-" , "1.3" , "-" , "20" , "YES" , "0.11" , "0.03" , "0.11" , "0.03" , "-" , "2e-12" , "-" , "-" , "2.38" , "0.27" , "0.2" , "13.4" , "2.6" , "-" , "NO" , "6" , "200" , "-" , "-" , "26" , "-" , "-" , "HESS" , "HESS" , "53126" , "53308" , "23.76" , "-" , "1" , "Aharonian et al., ApJ 636 (2006) 777" , "Best-fit position: l=(337.11+/-0.05)deg; b=(0.22+/-0.04)deg. Diff. flux normalization calculated from the integral flux and spectral index, assuming 1 TeV as normalization energy. Possible source association: IGR J16358-4726, G337.2+0.1. "
88 , "TeV J1640-4631" , "HESS J1640-465/ SNR G338.3-0.0" , "PWN" , "16 40 43.2" , "-46 31 48" , "338.31" , "-0.03" , "-" , "1.3" , "-" , "20" , "YES" , "0.045" , "0.009" , "0.045" , "0.009" , "-" , "3e-12" , "-" , "-" , "2.42" , "0.15" , "0.2" , "20.9" , "2.2" , "6.3" , "NO" , "9" , "200" , "-" , "-" , "26" , "-" , "-" , "HESS" , "HESS" , "53126" , "53308" , "51.48" , "-" , "1" , "Aharonian et al., ApJ 636 (2006) 777" , "Best-fit position: l=(338.316+/-0.007)deg; b=(-0.021+/-0.007)deg. Diff. flux normalization calculated from the integral flux and spectral index, assuming 1 TeV as normalization energy. Possible source association: SNR G338.3-0.0."
89 , "TeV J1641-4618" , "HESS J1641-463" , "UNID" , "16 41 2.1" , "-46 18 13" , "338.52" , "0.08" , "3.0" , "1.9" , "35" , "20" , "NO" , "-" , "-" , "-" , "-" , "-" , "3.91e-13" , "6.9e-14" , "7.8e-14" , "2.07" , "0.11" , "0.20" , "0.364" , "0.044" , "0.073" , "NO" , "1.8" , "1000" , "-" , "-" , "-" , "-" , "-" , "HESS" , "HESS" , "53005" , "55926" , "259.2" , "0.015" , "1" , "Abramowski et al. (2014), ApJL 794, L1" , "Source detected using VHE events (E>4 TeV) from deep observation of the nearby bright TeV source HESS J1640-465."
90 , "TeV J1646-4549" , "Westerlund 1/ HESS J1646–458" , "UNID" , "16 46 50" , "-45 49 12" , "339.54" , "-0.36" , "27" , "1.3" , "420" , "20" , "YES" , "1.1" , "-" , "1.1" , "-" , "-" , "9e-12" , "1.4e-12" , "1.8e-12" , "2.19" , "0.08" , "0.20" , "52" , "9" , "-" , "NO" , "3.1" , "200" , "21" , "45" , "26" , "4" , "-" , "HESS" , "HESS" , "53005" , "54709" , "121.68" , "0.12" , "1" , "Abramowski et al. (2012), A&A 537, A114" , "Best-fit position in agreement with the center of the Westerlund 1 open cluster. Spectrum extracted from the 1.1 deg gamma-ray emission region. Possible presence of multiple TeV sources within the emission region."
91 , "TeV J1653+3945" , "Markarian 501" , "HBL" , "16 53 52.2" , "+39 45 36" , "63.59" , "38.86" , "-" , "-" , "-" , "-" , "NO" , "-" , "-" , "-" , "-" , "-" , "1.1e-10" , "1e-11" , "-" , "2.79" , "0.12" , "-" , "46" , "4" , "-" , "NO" , "20" , "200" , "-" , "-" , "-" , "-" , "0.034" , "WHIPPLE" , "MAGIC" , "53917" , "53946" , "32.8" , "-" , "0.3" , "Anderhub et al. (2009), ApJ 705, 1624" , "-"
92 , "TeV J1702-4200" , "HESS J1702-420" , "UNID" , "17 02 44" , "-42 00 57" , "344.3" , "-0.19" , "12" , "1.3" , "180" , "20" , "YES" , "0.3" , "0.02" , "0.15" , "0.01" , "68" , "9.1e-12" , "1.1e-12" , "-" , "2.07" , "0.08" , "0.2" , "18" , "-" , "-" , "NO" , "27" , "500" , "-" , "-" , "-" , "-" , "-" , "HESS" , "HESS" , "-" , "-" , "32.4" , "0.050" , "1" , "Aharonian et al. (2008), A&A 477, 353" , "Orientation angle: (68+/-7)deg measured counter-clockwise wrt RA axis."
93 , "TeV J1708-4105" , "HESS J1708-410" , "UNID" , "17 08 24" , "-41 05 24" , "345.68" , "-0.48" , "12" , "1.3" , "180" , "20" , "YES" , "0.06" , "0.01" , "0.08" , "0.01" , "-20" , "2.7e-12" , "3e-13" , "-" , "2.46" , "0.08" , "0.2" , "5.2" , "-" , "-" , "NO" , "8" , "500" , "-" , "-" , "-" , "-" , "-" , "HESS" , "HESS" , "-" , "-" , "140.4" , "0.050" , "1" , "Aharonian et al. (2008), A&A 477, 353" , "Orientation angle: (-20+/-23)deg measured counter-clockwise wrt RA axis."
94 , "TeV J1708-4420" , "HESS J1708-443/ PSR B1706-44/ G 343.1-2.3" , "PWN/SNR" , "17 08 11" , "-44 20 00" , "343.05" , "-2.38" , "17" , "1.3" , "240" , "20" , "YES" , "0.29" , "0.04" , "0.29" , "0.04" , "-" , "4.2e-12" , "8e-13" , "1e-12" , "2.0" , "0.1" , "0.2" , "3.8" , "-" , "-" , "NO" , "17" , "1000" , "20" , "30" , "24" , "3" , "-" , "HESS" , "HESS" , "54101" , "54465" , "54" , "0.071" , "1" , "Abramowski et al. (2011), A&A 528, A143" , "Possible associations: PSR B1706-44 and SNR G343.1-2."
95 , "TeV J1713-3811" , "CTB 37B/ HESS J1713-381/ G 348.7+0.3" , "SNR" , "17 13 54" , "-38 11 58" , "348.63" , "0.38" , "4" , "1.3" , "45" , "20" , "YES" , "0.06" , "0.04" , "0.06" , "0.04" , "-" , "6.5e-13" , "1.1e-13" , "1.3e-13" , "2.65" , "0.19" , "0.2" , "5.6" , "1.5" , "1.1" , "NO" , "1.9" , "200" , "14" , "60" , "35" , "10.2" , "-" , "HESS" , "HESS" , "53096" , "-" , "146.88" , "0.018" , "1" , "Aharonian et al. (2008), A&A 486, 829 " , "-"
96 , "TeV J1713-3945" , "RX J1713.7-3946/ G 347.3-0.5" , "SNR" , "17 13 33.6" , "-39 45 36" , "347.33" , "-0.48" , "-" , "1.3" , "-" , "20" , "YES" , "0.65" , "-" , "0.65" , "-" , "-" , "2.1e-11" , "4e-13" , "-" , "2.32" , "0.01" , "-" , "-" , "-" , "-" , "YES" , "-" , "1000" , "15" , "74" , "-" , "6" , "-" , "HESS" , "HESS" , "53096" , "53704" , "291.24" , "-" , "1" , "Aharonian et al. (2007), A&A 464, 235" , "Combined 2003-2004-2005 data. Best-fit spectrum: N*E^(-Gamma)*exp(-(E/Ecut)^beta), N=(34.1+/-2.5)E-12TeV/cm^2/s Gamma=1.79+/-0.06 Ec=(3.7+/-1.0)TeV Beta=0.5."
97 , "TeV J1714-3834" , "CTB 37A/ HESS J1714-385/ SNR G348.5+0.1" , "SNR" , "17 14 19.0" , "-38 34 00" , "348.38" , "0.1" , "5.3" , "1.3" , "80" , "20" , "YES" , "0.072" , "0.016" , "0.072" , "0.016" , "-" , "8.7e-13" , "1e-13" , "1.8e-13" , "2.3" , "0.13" , "0.2" , "0.7" , "-" , "-" , "NO" , "3" , "1000" , "14" , "71" , "39" , "10.3" , "-" , "HESS" , "HESS" , "53096" , "-" , "243.36" , "0.023" , "1" , "Aharonian et al. (2008), A&A 490, 685" , "Data from Aharonian et al. (2008), A&A 490, 685. Counterpart candidate for 3EG J1714-3857."
98 , "TeV J1717-3726" , "SNR G349.7+0.2" , "SNR/MC" , "17 17 57.8" , "-37 26 39.6" , "349.71" , "0.17" , "2.0" , "1.3" , "24.0" , "20.0" , "NO" , "-" , "-" , "-" , "-" , "-" , "2.9e-12" , "-" , "-" , "2.8" , "0.27" , "0.20" , "0.65" , "0.11" , "0.13" , "NO" , "0.7" , "400" , "-" , "-" , "-" , "11.5" , "-" , "HESS" , "HESS" , "53005" , "56292" , "406.8" , "0.010" , "0.4" , "Abramowski et al. (2015), A&A 574, A100" , "Data from Abramowski et al. (2015), A&A 574, A100. Diff. flux normalization calculated from the integral flux and spectral index, assuming 0.4 TeV as normalization energy."
99 , "TeV J1718-3833" , "HESS J1718-385/ PSR J1718-3825" , "PWN" , "17 18 07" , "-38 33 00" , "348.83" , "-0.49" , "5" , "1.3" , "120" , "20" , "YES" , "0.15" , "0.03" , "0.07" , "0.02" , "33" , "-" , "-" , "-" , "2.1" , "0.1" , "0.2" , "-" , "-" , "-" , "YES" , "2" , "1000" , "-" , "-" , "33.9" , "4.2" , "-" , "HESS" , "HESS" , "53126" , "53735" , "295.2" , "0.034" , "-" , "Aharonian et al. (2007), A&A 472, 489" , "Data from Aharonian et al. (2007), A&A 472, 489. Orientation angle 33deg counter-clockwise from North. Best-fit spectrum: N*(E_peak/1TeV)^(-2)*(E/E_peak)^(beta*ln(E/E_peak)-2.0) with N=(1.3+/-0.3+/-0.5)E-12/TeV/cm^2/s, Epeak=(7+/-1+/-1)TeV and Beta=-0.7+/-0.3+/-0.4. Source likely associated with PSR J1718-3825."
100 , "TeV J1725+1152" , "H 1722+119/ 1RXS J172504.4+115218" , "HBL" , "17 25 04.3" , "+11 52 15.5" , "34.11" , "24.47" , "-" , "-" , "-" , "-" , "NO" , "-" , "-" , "-" , "-" , "-" , "-" , "-" , "-" , "-" , "-" , "-" , "-" , "-" , "-" , "NO" , "2" , "140" , "-" , "-" , "-" , "-" , "0.159" , "MAGIC" , "MAGIC" , "56429" , "-" , "39.6" , "-" , "-" , "Cortina et al. (2013), Atel #5080" , "Detection announced by Cortina et al. (2013), Atel #5080. Position taken from NED (2011AJ 142 105P). No information on the positional uncertainty available. Redshift from Wurtz et al. (1996), ApJS 103, 109."
101 , "TeV J1728+5013" , "1ES 1727+502" , "HBL" , "17 28 18.62" , "+50 13 10.47" , "77.06" , "33.53" , "-" , "-" , "-" , "-" , "NO" , "-" , "-" , "-" , "-" , "-" , "9.6e-12" , "2.5e-12" , "-" , "2.7" , "0.5" , "-" , "2.6" , "0.8" , "-" , "NO" , "2.1" , "150" , "22" , "50" , "-" , "-" , "0.055" , "MAGIC" , "MAGIC" , "55687" , "55722" , "45" , "-" , "0.3" , "Aleksic et al. (2014), A&A 563, A90" , "Position quoted from the he VLBI radio catalog (Ma et al. 1998, AJ, 116, 516). Fitted position consistent with the VLBI radio position. Spectral properties quoted for the de-absorbed VHE spectrum."
102 , "TeV J1729-3432" , "HESS J1729-345" , "UNID" , "17 29 35" , "-34 32 22" , "353.44" , "-0.13" , "8" , "1.3" , "126" , "20" , "YES" , "0.12" , "0.03" , "0.12" , "0.03" , "-" , "4.4e-13" , "7e-14" , "9e-14" , "2.24" , "0.15" , "0.2" , "-" , "-" , "-" , "NO" , "-" , "1000" , "9" , "42" , "16.5" , "-" , "-" , "HESS" , "HESS" , "-" , "55074" , "212.4" , "0.035" , "0.861" , "Abramowski et al. (2011), A&A 531, A81" , "Integrated flux (1-10 TeV)=(0.88 +/- 0.29)x1E-12 erg/cm2/s."
103 , "TeV J1732-3445" , "HESS J1731-347" , "SNR/SHELL" , "17 32 03" , "-34 45 18" , "353.54" , "-0.68" , "-" , "-" , "-" , "-" , "YES" , "0.27" , "0.02" , "0.27" , "0.02" , "-" , "4.67e-12" , "1.9e-13" , "9.3e-13" , "2.32" , "0.06" , "0.2" , "-" , "-" , "-" , "NO" , "-" , "1000" , "9" , "42" , "16.5" , "-" , "-" , "HESS" , "HESS" , "-" , "55074" , "212.4" , "-" , "0.783" , "Abramowski et al. (2011), A&A 531, A81" , "Position quoted correspondent to the geometrical center of the radio SNR. Integrated flux between 1-10 TeV: (6.91 +/- 0.75)x1E-12 erg/cm2/s."
104 , "TeV J1741-3012" , "HESS J1741-302" , "UNID" , "17 41 00" , "-30 12 00" , "358.39" , "0.19" , "-" , "-" , "-" , "-" , "-" , "-" , "-" , "-" , "-" , "-" , "-" , "-" , "-" , "2.78" , "0.24" , "0.2" , "0.63" , "0.13" , "0.11" , "NO" , "-" , "1000" , "-" , "-" , "-" , "-" , "-" , "HESS" , "HESS" , "-" , "-" , "-" , "-" , "-" , "Tibolla et al. (2009), AIP Conf. Proc. 1112, 233" , "-"
105 , "TeV J1743+1935" , "1ES 1741+196" , "HBL" , "17 43 57.83" , "+19 35 09.02" , "43.83" , "23.33" , "-" , "-" , "-" , "-" , "NO" , "-" , "-" , "-" , "-" , "-" , "-" , "-" , "-" , "-" , "-" , "-" , "-" , "-" , "-" , "NO" , "0.8" , "250" , "-" , "-" , "-" , "-" , "0.083" , "MAGIC" , "MAGIC" , "-" , "-" , "-" , "-" , "-" , "Berger et al. (2011), 32nd ICRC" , "No position is quoted. Coordinates from NED (2007AJ 133.1236K)."
106 , "TeV J1745-2900" , "Galactic Center/ HESS J1745-290" , "UNID" , "17 45 39.6" , "-29 00 22" , "359.94" , "-0.05" , "0.4" , "0.4" , "6" , "6" , "NO" , "-" , "-" , "-" , "-" , "-" , "-" , "-" , "-" , "-" , "-" , "-" , "-" , "-" , "-" , "-" , "-" , "-" , "6" , "60" , "23" , "8.3" , "-" , "HESS" , "HESS" , "53494" , "53951" , "230.4" , "0.0024" , "-" , "Acero et al., (2010), MNRA 402, 1877" , "-"
107 , "TeV J1745-2900" , "Galictic Center Ridge" , "UNID" , "17 45 41.2" , "-29 00 21" , "359.94" , "-0.05" , "-" , "-" , "-" , "-" , "YES" , "-" , "-" , "-" , "-" , "-" , "-" , "-" , "-" , "2.29" , "0.07" , "0.2" , "-" , "-" , "-" , "NO" , "-" , "-" , "-" , "-" , "-" , "8.5" , "-" , "HESS" , "HESS" , "-" , "-" , "-" , "-" , "-" , "Aharonian et al. (2006), Nature 439, 695" , "Spectrum extracted from |l|<0.8deg and |b|>0.3deg. Flux normalization: (1.73 +/- 0.13 +/- 0.35)x1E-08/TeV/cm^2/s/sr."
108 , "TeV J1745-3022" , "HESS J1745-303/ 3EG J1744-3011" , "SNR/MC" , "17 45 02.1" , "-30 22 14" , "358.7" , "-0.65" , "-" , "-" , "-" , "-" , "YES" , "-" , "-" , "-" , "-" , "-" , "2.8e-12" , "2.3e-13" , "2.8e-13" , "2.71" , "0.11" , "0.2" , "1.63" , "0.16" , "-" , "NO" , "8" , "1000" , "-" , "-" , "-" , "-" , "-" , "HESS" , "HESS" , "53126" , "-" , "284.4" , "-" , "1" , "Aharonian et al. (2008), A&A 483, 509" , "Results based on the full dataset on HESS J1745-303. Integral flux between 1-10 TeV."
109 , "TeV J1747-2448" , "Terzan 5" , "GC" , "17 47 49" , "-24 48 30" , "3.78" , "1.72" , "108" , "1.3" , "36" , "20" , "YES" , "0.16" , "0.04" , "0.03" , "0.02" , "92" , "5.2e-13" , "1.1e-13" , "-" , "2.5" , "0.3" , "0.2" , "1.2" , "0.3" , "-" , "NO" , "1.5" , "440" , "-" , "-" , "20.4" , "5.9" , "-" , "HESS" , "HESS" , "2004" , "2010" , "324" , "0.45" , "1" , "Abramowski et al. (2011), A&A 531, L18" , "Integral flux between 0.44-24 TeV. Orientation angle: 92 +/- 6 deg, westwards from North."
110 , "TeV J1747-2809" , "SNR G0.9+0.1" , "PWN" , "17 47 23.2" , "-28 09 06" , "0.87" , "0.07" , "-" , "-" , "-" , "-" , "NO" , "-" , "-" , "-" , "-" , "-" , "8.4e-13" , "-" , "-" , "2.4" , "0.11" , "0.2" , "5.7" , "0.7" , "1.2" , "NO" , "2" , "200" , "-" , "-" , "18" , "8.5" , "-" , "HESS" , "HESS" , "53065" , "53278" , "180" , "-" , "1" , " Aharonian et al. (2005), A&A 432, L25" , "Diff. flux normalization calculated from the integral flux and spectral index, assuming 1 TeV as normalization energy."
111 , "TeV J1800-2359" , "HESS J1800-240 A+B+C (W28)" , "UNID" , "18 00 37.4" , "-23 59 45.6" , "5.96" , "-0.39" , "10.6" , "1.3" , "79" , "20" , "YES" , "0.32" , "0.05" , "0.17" , "0.03" , "-" , "1.863e-12" , "1.85e-13" , "1.2e-13" , "2.49" , "0.14" , "0.2" , "1.3" , "-" , "-" , "NO" , "6" , "1000" , "-" , "-" , "-" , "2" , "-" , "HESS" , "HESS" , "53005" , "54100" , "151.5" , "0.044" , "1" , "Aharonian et al. (2008), A&A 481, 401" , "Composite region of HESS J1800-240 (A+B+C). Extension: 0.32deg in RA, 0.17deg in Dec. Spectrum extracted from a 0.8x0.6deg elliptical region encompassing all components A, B, C."
112 , "TeV J1801-2320" , "W28/ HESS J1801-233" , "SNR/MC" , "18 01 42.2" , "-23 20 06" , "6.65" , "-0.27" , "7.4" , "1.3" , "115" , "20" , "YES" , "0.17" , "0.03" , "0.17" , "0.03" , "-" , "7.5e-13" , "1.1e-13" , "3e-13" , "2.66" , "0.27" , "0.2" , "0.45" , "-" , "-" , "NO" , "2" , "1000" , "-" , "-" , "-" , "2" , "-" , "HESS" , "HESS" , "53005" , "54100" , "151.4" , "0.032" , "1" , "Aharonian et al. (2008), A&A 481, 401" , "-"
113 , "TeV J1804-2143" , "HESS J1804-216" , "UNID" , "18 04 19.0" , "-21 43 37" , "8.35" , "-0.01" , "-" , "-" , "-" , "-" , "YES" , "0.16" , "0.005" , "0.274" , "0.011" , "-" , "5e-12" , "1.5e-12" , "1.6e-12" , "2.69" , "0.3" , "0.34" , "7" , "-" , "-" , "NO" , "14" , "600" , "-" , "-" , "21" , "-" , "-" , "CANGAROO" , "HESS" , "53856" , "53947" , "273.6" , "-" , "0.6" , "Higashi et al. (2008), ApJ 683, 957" , "-"
114 , "TeV J1808-2026" , "HESS J1808-204" , "UNID" , "18 08 36.24" , "-20 26 44.9" , "9.95" , "-0.25" , "1.95" , "1.3" , "136.4" , "20" , "YES" , "0.138" , "0.023" , "0.138" , "0.023" , "-" , "4.2e-13" , "5e-14" , "-" , "2.5" , "0.2" , "0.2" , "0.75" , "-" , "-" , "NO" , "1.3" , "1000" , "-" , "-" , "-" , "-" , "-" , "HESS" , "HESS" , "-" , "-" , "-" , "0.038" , "1" , "Rowell (2012), Gamma 2012" , "Source detection presented at the Gamma 2012 workshop."
115 , "TeV J1810-1918" , "HESS J1809-193" , "PWN" , "18 10 31" , "-19 18 00" , "11.18" , "-0.09" , "12" , "1.3" , "120" , "20" , "YES" , "0.53" , "0.07" , "0.25" , "0.03" , "50" , "4.6e-12" , "6e-13" , "1.4e-12" , "2.2" , "0.1" , "0.2" , "3.8" , "-" , "-" , "NO" , "14" , "1000" , "-" , "-" , "20.4" , "-" , "-" , "HESS" , "HESS" , "53126" , "53735" , "90" , "0.050" , "1" , "Aharonian et al. (2007), A&A 472, 489" , "Orientation angle measured counter-clockwise wrt RA axis positive direction."
116 , "TeV J1813-1750" , "HESS J1813-178/ G 12.8-0.02/ PSR J1813-1749" , "PWN" , "18 13 36.0" , "-17 50 24" , "12.81" , "-0.03" , "-" , "-" , "-" , "-" , "YES" , "0.036" , "0.006" , "0.036" , "0.006" , "-" , "7.7e-11" , "-" , "-" , "2.09" , "0.08" , "0.2" , "14.2" , "1.1" , "4.3" , "NO" , "5" , "200" , "-" , "-" , "26" , "-" , "-" , "HESS" , "HESS" , "53126" , "53308" , "34.92" , "-" , "0.2" , "Aharonian et al. (2006), ApJ 636, 777" , "Best-fit position: l=(12.813+/-0.005)deg; b=(-0.0342+/-0.005)deg."
117 , "TeV J1818-1528" , "HESS J1818-154/ SNR G015.4+00.1" , "SNR" , "18 18 04.8" , "-15 28 01" , "15.4" , "0.16" , "3.1" , "1.3" , "43" , "20" , "NO" , "-" , "-" , "-" , "-" , "-" , "9e-14" , "2e-14" , "2e-14" , "2.3" , "0.3" , "0.2" , "0.9" , "0.3" , "0.2" , "NO" , "0.3" , "420" , "-" , "-" , "23" , "4.8" , "-" , "HESS" , "HESS" , "53005" , "55926" , "288" , "0.014" , "1.9" , "Abramowski et al. (2014), A&A 562, A40" , "-"
118 , "TeV J1825-1350" , "HESS J1825-137/ PSR J1826-1334" , "PWN" , "18 25 41" , "-13 50 20" , "17.71" , "-0.7" , "4" , "1.3" , "40" , "20" , "YES" , "0.26" , "0.02" , "0.23" , "0.02" , "17" , "1.98e-11" , "4e-13" , "4e-12" , "2.38" , "0.02" , "0.15" , "874" , "20" , "-" , "YES" , "68" , "270" , "-" , "-" , "20.1" , "3.9" , "-" , "HESS" , "HESS" , "53096" , "53643" , "241.2" , "0.018" , "1" , "Aharonian et al. (2006), A&A 460, 365" , "Orientation measured counterclockwise from the North. Best-fit spectrum: I0*E^(-Gamma+Beta*logE), with I0=(21.0+/-0.4)x1E-12/TeV/cm^2/s, Gamma=2.29+/-0.02 and Beta=-0.17+/-0.04."
119 , "TeV J1826-1449" , "LS 5039" , "XRB" , "18 26 15" , "-14 49 30" , "16.9" , "-1.28" , "-" , "-" , "-" , "-" , "NO" , "-" , "-" , "-" , "-" , "-" , "9.1e-13" , "7e-15" , "-" , "2.53" , "0.07" , "0.1" , "-" , "-" , "-" , "NO" , "-" , "1000" , "-" , "-" , "-" , "2.5" , "-" , "HESS" , "HESS" , "53005" , "53735" , "249.12" , "-" , "-" , "Aharonian et al. (2006), A&A 463, 743" , "Superior conjuction: orbital phase <=0.45 and >0.9."
120 , "TeV J1831-0954" , "HESS J1831-098" , "PWN" , "18 31 25" , "-09 54 00" , "21.85" , "-0.11" , "-" , "-" , "-" , "-" , "YES" , "0.15" , "-" , "0.15" , "-" , "-" , "1.1e-12" , "1e-13" , "-" , "2.1" , "0.1" , "-" , "1.0" , "-" , "-" , "NO" , "4" , "1000" , "-" , "-" , "22.8" , "4.3" , "-" , "HESS" , "HESS" , "53005" , "55043" , "144" , "-" , "1" , "Sheidaei et al. (2011), Fermi Symp. (arXiv:1110.6837)" , "-"
121 , "TeV J1832-0922" , "HESS J1832-093/ SNR G22.7-0.2" , "UNID" , "18 32 50" , "-09 22 36" , "22.47" , "-0.18" , "3" , "2" , "32" , "20" , "NO" , "-" , "-" , "-" , "-" , "-" , "4.8e-13" , "8e-14" , "1e-13" , "2.6" , "0.3" , "0.1" , "0.30" , "0.08" , "0.06" , "NO" , "1" , "1000" , "13" , "50" , "25" , "3.7" , "-" , "HESS" , "HESS" , "53005" , "55926" , "241.2" , "0.015" , "1" , "Abramowski et al. (2014), MNRAS 446, 1163" , "-"
122 , "TeV J1833-1033" , "HESS J1833-105/ G 21.5-0.9/ PSR J1833-1034" , "PWN/SNR" , "18 33 32.5" , "-10 33 19" , "21.51" , "-0.88" , "0.9" , "1.3" , "55" , "20" , "NO" , "-" , "-" , "-" , "-" , "-" , "4.6e-13" , "1e-13" , "-" , "2.08" , "0.22" , "0.1" , "0.43" , "-" , "-" , "NO" , "2" , "1000" , "-" , "-" , "-" , "4.7" , "-" , "HESS" , "HESS" , "53005" , "53735" , "70.92" , "0.016" , "1" , "Djannati-Atai et al. (2008), 30th ICRC Vol. 2, 823" , "Source announced at the 30th ICRC (2008)."
123 , "TeV J1834-0845" , "HESS J1834-087" , "UNID" , "18 34 46.5" , "-08 45 52" , "23.24" , "-0.33" , "-" , "1.3" , "-" , "20" , "YES" , "0.09" , "-" , "0.09" , "-" , "-" , "2.6e-12" , "-" , "-" , "2.45" , "0.16" , "0.2" , "18.7" , "2" , "5.6" , "NO" , "8" , "200" , "-" , "-" , "-" , "-" , "-" , "HESS" , "HESS" , "53126" , "53308" , "26.28" , "-" , "1" , "Aharonian et al. (2006), ApJ 636, 777" , "Best-fit position: l=(23.24+/-0.02)deg; b=(-0.32+/-0.02)deg."
124 , "TeV J1837-0656" , "HESS J1837-069" , "PWN" , "18 37 37.1" , "-06 56 20" , "25.18" , "-0.11" , "-" , "1.3" , "-" , "20" , "YES" , "0.12" , "0.02" , "0.05" , "0.02" , "149" , "5e-12" , "-" , "-" , "2.27" , "0.06" , "0.2" , "30.4" , "1.6" , "9.1" , "NO" , "11" , "200" , "-" , "-" , "-" , "-" , "-" , "HESS" , "HESS" , "53126" , "53308" , "984.96" , "-" , "1" , "Aharonian et al. (2006), ApJ 636, 777" , "Best-fit position: l=(25.185+/-0.012)deg; b=(-0.106+/-0.016)deg. Orientation angle: (149+/-10)deg, measured counter-clk wise wrt positive Gal. Lat. Axis."
125 , "TeV J1840-0533" , "HESS J1841-055" , "UNID" , "18 40 55" , "-05 33 00" , "26.79" , "-0.2" , "12" , "1.3" , "180" , "20" , "YES" , "0.41" , "0.04" , "0.25" , "0.02" , "39" , "1.28e-11" , "1.3e-12" , "-" , "2.41" , "0.08" , "0.2" , "9.1" , "-" , "-" , "NO" , "37" , "540" , "-" , "-" , "-" , "-" , "-" , "HESS" , "HESS" , "-" , "-" , "93.6" , "0.050" , "1" , "Aharonian et al. (2008), A&A 477, 353" , "Orientation angle: (39+/-6)deg, measured counter-clockwise wrt RA axis positive direction."
126 , "TeV J1843-0318" , "HESS J1843-033" , "UNID" , "18 43 00" , "-03 18 00" , "29.03" , "0.36" , "-" , "-" , "-" , "-" , "YES" , "-" , "-" , "-" , "-" , "-" , "-" , "-" , "-" , "-" , "-" , "-" , "-" , "-" , "-" , "-" , "-" , "-" , "-" , "-" , "-" , "-" , "-" , "HESS" , "HESS" , "-" , "-" , "-" , "-" , "-" , "Hoppe (2008), 30th ICRC" , "Source announced at the 30th ICRC (2008). Pos. updates according to Terrier et al., TeV Particle Astrophysics Conference 2011, August 2011, Stockholm. Source shows to be a complex TeV emission region."
127 , "TeV J1846-0258" , "HESS J1846-029/ Kes 75/ G 29.70.3" , "PWN/SNR" , "18 46 24.1" , "-02 58 53" , "29.7" , "-0.25" , "0.5" , "1.3" , "34" , "20" , "NO" , "-" , "-" , "-" , "-" , "-" , "6.2e-13" , "9e-14" , "-" , "2.26" , "0.15" , "0.1" , "0.49" , "-" , "-" , "NO" , "2" , "1000" , "-" , "-" , "-" , "19" , "-" , "HESS" , "HESS" , "53005" , "54465" , "24.1" , "0.011" , "1" , "Djannati-Atai et al. (2008), 30th ICRC Vol. 2, 823" , "Source announced at the 30th ICRC (2008)."
128 , "TeV J1848-0147" , "HESS J1848-018/ W43/WR121" , "WR/MSC" , "18 48 29" , "-01 47 32" , "31" , "-0.17" , "-" , "-" , "-" , "-" , "YES" , "0.32" , "0.02" , "0.32" , "0.02" , "-" , "-" , "-" , "-" , "2.8" , "-" , "-" , "-" , "-" , "-" , "NO" , "2" , "1000" , "-" , "-" , "-" , "5.3" , "-" , "HESS" , "HESS" , "-" , "-" , "-" , "-" , "-" , "Chaves et al. (2008), AIP 1085, 372" , "-"
129 , "TeV J1849-0001" , "IGR J18490-0000/ HESS J1849-000" , "PWN" , "18 49 01.63" , "-00 01 17.2" , "32.63" , "0.52" , "-" , "-" , "-" , "-" , "YES" , "-" , "-" , "-" , "-" , "-" , "-" , "-" , "-" , "-" , "-" , "-" , "-" , "-" , "-" , "-" , "1.5" , "350" , "-" , "-" , "-" , "7" , "-" , "HESS" , "HESS" , "-" , "-" , "-" , "-" , "-" , "Terrier et al. (2008), AIP 1085, 312" , "-"
130 , "TeV J1857+0242" , "HESS J1857+026" , "UNID" , "18 57 15.7" , "+02 42 17" , "36" , "-0.07" , "5.8" , "7.2" , "86" , "108" , "YES" , "0.20" , "0.03" , "0.20" , "0.03" , "-" , "5.37e-12" , "4.4e-13" , "1.5e-12" , "2.16" , "0.07" , "0.15" , "-" , "-" , "-" , "NO" , "-" , "-" , "25" , "36" , "-" , "-" , "-" , "MAGIC" , "MAGIC" , "55378" , "55500" , "104.4" , "0.039" , "1" , "Aleksic et al (2014), A&A 571, A96" , "Energy spectrum between 100 GeV and 13 TeV. Morphology for the 0.3 - 1 TeV energy range. Above 1 TeV, the source shows two spatially distinct components: MAGIC J1857.2+0263 and MAGIC J1857.6+0297."
131 , "TeV J1858+0205" , "HESS J1858+020" , "UNID" , "18 58 20" , "+02 05 24" , "35.57" , "-0.59" , "12" , "1.3" , "180" , "20" , "YES" , "0.08" , "0.02" , "0.02" , "0.04" , "4" , "6e-13" , "1e-13" , "-" , "2.17" , "0.12" , "0.2" , "1.2" , "-" , "-" , "NO" , "1.8" , "500" , "-" , "-" , "-" , "-" , "-" , "HESS" , "HESS" , "-" , "-" , "90" , "0.050" , "1" , "Aharonian et al. (2008), A&A 477, 353" , "Orientation angle: (4+/-17)deg measured counter-clock wise relative to RA axis."
132 , "TeV J1907+0613" , "MGRO J1908+06/ HESS J1908+063" , "UNID" , "19 07 21.6" , "+06 13 12" , "40.28" , "-0.69" , "4.8" , "-" , "72" , "-" , "YES" , "0.44" , "0.02" , "0.44" , "0.02" , "-" , "4.23e-12" , "4.1e-13" , "8.5e-13" , "2.20" , "0.10" , "0.20" , "-" , "-" , "-" , "NO" , "-" , "-" , "-" , "-" , "31" , "-" , "-" , "MILAGRO" , "VERITAS" , "54101" , "56292" , "223.2" , "0.020" , "1" , "Aliu et al. (2014), ApJ 787, 166" , "-"
133 , "TeV J1911+0905" , "W 49B" , "SNR/MC" , "19 11 07" , "+09 05 34" , "43.25" , "-0.19" , "17" , "1.3" , "24" , "20" , "NO" , "-" , "-" , "-" , "-" , "-" , "2.3e-13" , "4e-14" , "6e-14" , "3.1" , "0.3" , "0.2" , "0.11" , "0.03" , "0.03" , "NO" , "0.5" , "1000" , "-" , "-" , "-" , "8" , "-" , "HESS" , "HESS" , "-" , "-" , "216" , "0.071" , "1" , "Brun et al. (2011), Texas Symp. 2010 (arXiv:1104.5003)" , "Best-fit pos.: l=43.258+/-0.008deg, b=-0.188+/-0.01deg."
134 , "TeV J1912+1009" , "HESS J1912+101/ PSR J1913+1011" , "PWN" , "19 12 49" , "+10 09 06" , "44.39" , "-0.08" , "12" , "1.3" , "180" , "20" , "YES" , "0.27" , "0.03" , "0.27" , "0.03" , "-" , "3.5e-12" , "6e-13" , "1e-12" , "2.7" , "0.2" , "0.3" , "2" , "-" , "-" , "NO" , "9" , "1000" , "33" , "54" , "-" , "4.48" , "-" , "HESS" , "HESS" , "53005" , "54100" , "74.88" , "0.050" , "1" , "Aharonian et al. (2008), A&A 477, 353" , "-"
135 , "TeV J1922+1411" , "HESS J1923+141/ W 51C/ G49.2-0.7" , "SNR/MC" , "19 22 55.2" , "+14 11 28" , "49.11" , "-0.37" , "3.6" , "-" , "54" , "-" , "YES" , "0.12" , "0.02" , "0.12" , "0.02" , "-" , "9.7e-13" , "1e-13" , "1.5e-13" , "2.58" , "0.07" , "0.22" , "-" , "-" , "-" , "NO" , "3" , "1000" , "14" , "35" , "-" , "6" , "-" , "HESS" , "MAGIC" , "55333" , "55725" , "191" , "0.015" , "1" , "Aleksic et al (2012), A&A 541, A13" , "-"
136 , "TeV J1930+1852" , "VER J1930+188/ G 54.1+0.3/ PSR J1930+1852" , "PWN/SNR" , "19 30 32" , "+18 52 12" , "54.09" , "0.25" , "25" , "5" , "20" , "72" , "NO" , "-" , "-" , "-" , "-" , "-" , "7.5e-13" , "1.2e-13" , "1.5e-13" , "2.39" , "0.23" , "0.3" , "0.54" , "-" , "-" , "NO" , "2.5" , "1000" , "13" , "35" , "-" , "6.2" , "-" , "VERITAS" , "VERITAS" , "54344" , "55012" , "131.76" , "0.11" , "1" , "Acciari et al. (2010), ApJ 719, L69-L73" , "-"
137 , "TeV J1943+2118" , "HESS J1943+213" , "HBL" , "19 43 55" , "+21 18 08" , "57.75" , "-1.3" , "1" , "1" , "17" , "20" , "NO" , "-" , "-" , "-" , "-" , "-" , "5.6e-13" , "8e-14" , "1.1e-13" , "3.1" , "0.3" , "0.2" , "1.3" , "0.2" , "0.3" , "NO" , "2" , "470" , "-" , "-" , "49" , "-" , "-" , "HESS" , "HESS" , "53900" , "55100" , "89.28" , "0.0073" , "1" , "Abramowski et al. (2011), A&A 529, A49" , "The source is tentatively classified as an extreme HBL."
138 , "TeV J1959+6508" , "1ES 1959+650" , "HBL" , "19 59 59.9" , "+65 08 54.7" , "98" , "17.67" , "-" , "-" , "-" , "-" , "NO" , "-" , "-" , "-" , "-" , "-" , "4.3e-12" , "5e-13" , "-" , "2.72" , "0.14" , "-" , "47" , "5" , "16" , "NO" , "20" , "180" , "36" , "46" , "-" , "-" , "0.048" , "TA" , "MAGIC" , "53254" , "53294.9" , "21.6" , "-" , "1" , "Albert et al. (2005), ApJ 639, 761" , "No position is quoted. Coordinates from NED (2002ApJS 141 13B)."
139 , "TeV J2001+4353" , "MAGIC J2001+435" , "IBL" , "20 01 13.5" , "+43 53 02.8" , "79.07" , "7.11" , "-" , "-" , "-" , "-" , "NO" , "-" , "-" , "-" , "-" , "-" , "-" , "-" , "-" , "-" , "-" , "-" , "-" , "-" , "-" , "-" , "20" , "100" , "-" , "-" , "-" , "-" , "-" , "MAGIC" , "MAGIC" , "55393" , "-" , "-" , "-" , "-" , "Mariotti et al. (2010), ATel #2753" , "-"
140 , "TeV J2009-4849" , "PKS 2005-489" , "HBL" , "20 09 27.0" , "-48 49 52" , "350.37" , "-32.61" , "1.5" , "1.3" , "16" , "20" , "NO" , "-" , "-" , "-" , "-" , "-" , "1.37e-11" , "1.7e-12" , "2.7e-12" , "3.20" , "0.16" , "0.10" , "2.57" , "0.18" , "0.51" , "NO" , "2.9" , "400" , "-" , "-" , "35" , "295100" , "0.071" , "HESS" , "HESS" , "53171" , "53345" , "325.08" , "0.0083" , "0.4" , "Acero et al. (2010), A&A 511, A52" , "Time-averaged spectrum for the 2004-2007 years, between 300 GeV and 5.3 TeV."
141 , "TeV J2016+3711" , "VER J2016+371/ CTB 87" , "PWN/SNR" , "20 16 02" , "+37 11 52" , "74.94" , "1.14" , "3" , "3" , "40" , "50" , "NO" , "-" , "-" , "-" , "-" , "-" , "3.1e-13" , "9e-14" , "6e-14" , "2.3" , "0.3" , "0.2" , "-" , "-" , "-" , "NO" , "1" , "1000" , "5" , "35" , "-" , "6" , "-" , "VERITAS" , "VERITAS" , "55287" , "55561" , "252" , "0.019" , "1" , "Aliu et al. (2014), ApJ 788, 78" , "Integrated energy flux between 650 GeV to 10 TeV equals to (8.2 +/- 3.4 +/- 2.9)x1E-13 erg/cm2/s."
142 , "TeV J2018+3642" , "MGRO J2019+37" , "PWN/UNID" , "20 18 43" , "+36 42 00" , "74.82" , "0.41" , "-" , "-" , "-" , "-" , "YES" , "-" , "-" , "-" , "-" , "-" , "-" , "-" , "-" , "-" , "-" , "-" , "-" , "-" , "-" , "-" , "-" , "650" , "-" , "-" , "-" , "-" , "-" , "MILAGRO" , "VERITAS" , "55317" , "55561" , "270" , "-" , "-" , "Aliu et al. (2011), 32nd ICRC (arXiv:1110.4656)" , "Preliminary results from 32nd ICRC (2011). MGRO J2019+37 appears formed by multiple TeV sources."
143 , "TeV J2019+3648" , "VER J2019+368" , "UNID" , "20 19 52" , "+36 48 14" , "75.04" , "0.28" , "72" , "3" , "58" , "50" , "YES" , "0.34" , "0.03" , "0.13" , "0.02" , "71" , "8.1e-14" , "7e-15" , "1.6e-14" , "1.75" , "0.08" , "0.2" , "-" , "-" , "-" , "NO" , "-" , "-" , "5" , "35" , "-" , "-" , "-" , "MILAGRO" , "VERITAS" , "55287" , "55561" , "252" , "0.30" , "5" , "Aliu et al. (2014), ApJ 788, 78" , "Spectrum extends from 1 to 30 TeV. Orientation angle is 71 deg, east of north."
144 , "TeV J2020+4045" , "VER J2019+407/ SNR G78.2+2.1" , "UNID" , "20 20 04.8" , "+40 45 36" , "78.33" , "2.49" , "7.2" , "4" , "108" , "65" , "YES" , "0.23" , "0.03" , "0.23" , "0.03" , "-" , "1.5e-12" , "2e-13" , "4e-13" , "2.37" , "0.14" , "0.20" , "5.2" , "0.8" , "1.4" , "NO" , "3.7" , "320" , "10" , "30" , "-" , "-" , "-" , "VERITAS" , "VERITAS" , "55075" , "55165" , "67" , "0.035" , "1" , "Aliu et al. (2013), ApJ 770, 93" , "Spectral properties between 320 GeV and 10 TeV."
145 , "TeV J2031+4040" , "MGRO J2031+41/ TeV J2032+4130" , "UNID" , "20 31 43" , "+40 40 00" , "79.53" , "0.63" , "72" , "-" , "1080" , "-" , "YES" , "-" , "-" , "-" , "-" , "-" , "6.33e-16" , "8.3e-17" , "-" , "2.6" , "-" , "-" , "-" , "-" , "-" , "NO" , "15" , "-" , "-" , "-" , "-" , "-" , "-" , "MILAGRO" , "MILAGRO" , "51544" , "54647" , "-" , "0.30" , "35" , "Abdo et al. (2009), ApJ 700, L127" , "-"
146 , "TeV J2031+4133" , "TeV J2032+4130" , "UNID" , "20 31 40" , "+41 33 53" , "80.24" , "1.17" , "65" , "-" , "37" , "-" , "YES" , "0.16" , "0.02" , "0.07" , "0.01" , "63" , "9.5e-13" , "1.6e-13" , "2.2e-13" , "2.10" , "0.14" , "0.21" , "-" , "-" , "-" , "NO" , "4.3" , "1000" , "-" , "-" , "32" , "-" , "-" , "HEGRA" , "VERITAS" , "54832" , "56292" , "173.52" , "0.27" , "1" , "Aliu et al. (2014), ApJ 783, 16" , "Orientation angle: (63 +/- 6)deg, northwest. Integrated energy flux (E>1 TeV)=(2.35 +/- 0.55)x1E-12 erg/cm2/s."
147 , "TeV J2158-3013" , "PKS 2155-304" , "HBL" , "21 58 52.6" , "-30 13 18" , "17.73" , "-52.25" , "-" , "-" , "-" , "-" , "NO" , "-" , "-" , "-" , "-" , "-" , "-" , "-" , "-" , "3.27" , "0.12" , "-" , "-" , "-" , "-" , "NO" , "-" , "200" , "-" , "-" , "-" , "-" , "0.116" , "Durham" , "HESS" , "53944" , "53947" , "-" , "-" , "-" , "HESS collaboration (2010), A&A 520, A83" , "Data from HESS collaboration (2010) A&A 520, A83. No position is quoted. Coordinates from NED. 4 nights of flaring state: flux values are different for every nights but no spectral index variability."
148 , "TeV J2202+4216" , "1ES 2200+420/ BL Lacertae" , "LBL" , "22 02 43.3" , "+42 16 40" , "92.58" , "-10.44" , "-" , "-" , "-" , "-" , "NO" , "-" , "-" , "-" , "-" , "-" , "1.9e-11" , "5e-12" , "-" , "3.6" , "0.5" , "0.2" , "6" , "2" , "3" , "NO" , "3" , "200" , "-" , "-" , "-" , "287000" , "0.069" , "MAGIC" , "MAGIC" , "53583" , "53734" , "64.08" , "-" , "0.3" , "Albert et al. (2007), ApJ 666, L17" , "Observed between August and December 2005. No signal in 2006. Position from NED."
149 , "TeV J2227+6052" , "G 106.3+2.7/ VER J2227+608" , "SNR" , "22 27 59" , "+60 52 37" , "106.34" , "2.71" , "17" , "17" , "144" , "252" , "YES" , "0.27" , "0.05" , "0.18" , "0.03" , "22" , "1.15e-13" , "2.7e-14" , "3.5e-14" , "2.29" , "0.33" , "0.3" , "1.11" , "0.25" , "0.28" , "NO" , "5" , "1000" , "-" , "-" , "34" , "0.8" , "-" , "VERITAS" , "VERITAS" , "54710" , "54800" , "120.24" , "0.10" , "3" , "Acciari et al. (2009), ApJ 703, L6" , "-"
150 , "TeV J2228+6110" , "Boomerang/ G 106.6+2.9/ PSR J2229+6114" , "PWN/SNR" , "22 28 44" , "+61 10 00" , "106.57" , "2.91" , "40" , "72" , "590" , "900" , "YES" , "-" , "-" , "-" , "-" , "-" , "7.09e-16" , "1.08e-16" , "-" , "2.6" , "-" , "-" , "-" , "-" , "-" , "NO" , "-" , "-" , "-" , "-" , "-" , "0.8" , "-" , "MILAGRO" , "MILAGRO" , "51544" , "54647" , "-" , "0.34" , "35" , "Abdo et al. (2009), ApJ 700, L127" , "-"
151 , "TeV J2243+2021" , "RGB J2243+203" , "IBL" , "22 43 54.7" , "+20 21 03.8" , "86.56" , "-33.37" , "-" , "-" , "-" , "-" , "NO" , "-" , "-" , "-" , "-" , "-" , "-" , "-" , "-" , "-" , "-" , "-" , "-" , "-" , "-" , "-" , "4" , "180" , "-" , "-" , "-" , "-" , ">0.39" , "VERITAS" , "VERITAS" , "57012" , "57015" , "14.4" , "-" , "-" , "Holder at al. (2014), ATel #6849" , "Source detection announced in ATel #6849."
152 , "TeV J2250+3824" , "B3 2247+381" , "HBL" , "22 50 05.75" , "+38 24 37.2" , "98.25" , "-18.58" , "-" , "-" , "-" , "-" , "NO" , "-" , "-" , "-" , "-" , "-" , "1.4e-11" , "3e-12" , "2e-12" , "3.2" , "0.5" , "0.5" , "5.0" , "0.6" , "1.1" , "-" , "-" , "200" , "-" , "-" , "-" , "488750" , "0.1187" , "MAGIC" , "MAGIC" , "55469" , "55499" , "57.24" , "-" , "0.3" , "Aleksic et al (2012), A&A 539, A118" , "Position from NED (2011AJ 142 105P). The source is consistent and associated to 1FGL J2250.1+3825 (RA:22 50 06.6 DEC: +38 25 58 )."
153 , "TeV J2323+5848" , "Cassiopeia A" , "SNR" , "23 23 24" , "+58 48 54" , "111.73" , "-2.13" , "-" , "5" , "-" , "72" , "NO" , "-" , "-" , "-" , "-" , "-" , "1.26e-12" , "1.8e-13" , "-" , "2.61" , "0.24" , "0.2" , "0.776" , "0.011" , "-" , "NO" , "3" , "1000" , "26" , "39" , "32" , "3.4" , "-" , "HEGRA" , "VERITAS" , "54344" , "54434" , "79.2" , "0.020" , "1" , "Acciari et al. (2010), ApJ 714, 163" , "The derived position of the peak of gamma-ray position from Cassiopeia A deviates from the nominal position of the SNR (RA=23h24m24s; DEC=+58d48.9’ (J2000)) by 14 arcsec in RA and 35 arcsec in DEC. Upper limit on source extent: <0.058 deg."
154 , "TeV J2346+5142" , "1ES 2344+514" , "HBL" , "23 46 00" , "+51 42 36" , "112.72" , "-9.86" , "24" , "-" , "72" , "-" , "NO" , "-" , "-" , "-" , "-" , "-" , "1.2e-11" , "1e-12" , "5e-12" , "2.95" , "0.12" , "0.2" , "23.8" , "3" , "7" , "NO" , "10" , "200" , "23" , "38" , "-" , "183820" , "0.044" , "WHIPPLE" , "MAGIC" , "53585" , "53736" , "83.16" , "0.10" , "0.5" , "Albert et al. (2007), ApJ 662, 892" , "-"
155 , "TeV J2359-3037" , "H 2356-309/ 1H 2354-315" , "HBL" , "23 59 07.8" , "-30 37 18" , "12.87" , "-78.04" , "1.6" , "1.3" , "20" , "20" , "NO" , "-" , "-" , "-" , "-" , "-" , "3.3e-13" , "4.5e-14" , "6.6e-14" , "3.06" , "0.15" , "0.1" , "3.06" , "0.26" , "0.61" , "NO" , "-" , "240" , "-" , "-" , "19" , "672630" , "0.165" , "HESS" , "HESS" , "53160" , "54300" , "420.48" , "0.0086" , "1" , "Abramowski et al. (2010) A&A, 516, 56" , "-"
